file,ref_state,status,n_aligned,gdt_ha,lddt,lddt_pli,ligand_rmsd,ligand_rmsd_symmetry_corrected
depth_128/H2_msa_titration/seed_42/H2_msa_titration_seed_42_sample_10_model.cif,H12-out,ok,219,83.9,95.21,35.79,7.506,0
depth_128/H2_msa_titration/seed_42/H2_msa_titration_seed_42_sample_1_model.cif,H12-out,ok,219,86.19,95.33,35.84,7.654,0
depth_128/H2_msa_titration/seed_42/H2_msa_titration_seed_42_sample_2_model.cif,H12-out,ok,219,85.5,95.55,33.15,7.709,0
depth_128/H2_msa_titration/seed_42/H2_msa_titration_seed_42_sample_3_model.cif,H12-out,ok,219,84.13,95.52,36.95,7.575,0
depth_128/H2_msa_titration/seed_42/H2_msa_titration_seed_42_sample_4_model.cif,H12-out,ok,219,87.44,95.6,37.56,7.548,0
depth_128/H2_msa_titration/seed_42/H2_msa_titration_seed_42_sample_5_model.cif,H12-out,ok,219,84.93,95.34,37.28,7.473,0
depth_128/H2_msa_titration/seed_42/H2_msa_titration_seed_42_sample_6_model.cif,H12-out,ok,219,86.42,95.33,36.88,7.534,0
depth_128/H2_msa_titration/seed_42/H2_msa_titration_seed_42_sample_7_model.cif,H12-out,ok,219,84.02,95.07,36.29,7.57,0
depth_128/H2_msa_titration/seed_42/H2_msa_titration_seed_42_sample_8_model.cif,H12-out,ok,219,87.1,95.36,38.08,7.357,0
depth_128/H2_msa_titration/seed_42/H2_msa_titration_seed_42_sample_9_model.cif,H12-out,ok,219,80.59,94.83,38.11,7.331,0
depth_128/H2_msa_titration/seed_43/H2_msa_titration_seed_43_sample_10_model.cif,H12-out,ok,219,83.33,94.94,37.1,7.462,0
depth_128/H2_msa_titration/seed_43/H2_msa_titration_seed_43_sample_1_model.cif,H12-out,ok,219,83.45,95.24,36.39,7.574,0
depth_128/H2_msa_titration/seed_43/H2_msa_titration_seed_43_sample_2_model.cif,H12-out,ok,219,80.59,95.0,36.72,7.546,0
depth_128/H2_msa_titration/seed_43/H2_msa_titration_seed_43_sample_3_model.cif,H12-out,ok,219,81.39,94.82,35.86,7.68,0
depth_128/H2_msa_titration/seed_43/H2_msa_titration_seed_43_sample_4_model.cif,H12-out,ok,219,80.82,95.13,36.53,7.517,0
depth_128/H2_msa_titration/seed_43/H2_msa_titration_seed_43_sample_5_model.cif,H12-out,ok,219,86.76,95.28,37.14,7.437,0
depth_128/H2_msa_titration/seed_43/H2_msa_titration_seed_43_sample_6_model.cif,H12-out,ok,219,84.7,95.37,38.23,7.464,0
depth_128/H2_msa_titration/seed_43/H2_msa_titration_seed_43_sample_7_model.cif,H12-out,ok,219,87.56,95.77,38.25,7.388,0
depth_128/H2_msa_titration/seed_43/H2_msa_titration_seed_43_sample_8_model.cif,H12-out,ok,219,82.88,95.53,38.37,7.512,0
depth_128/H2_msa_titration/seed_43/H2_msa_titration_seed_43_sample_9_model.cif,H12-out,ok,219,82.53,95.15,37.14,7.512,0
depth_128/H2_msa_titration/seed_44/H2_msa_titration_seed_44_sample_10_model.cif,H12-out,ok,219,84.82,95.53,35.51,7.647,0
depth_128/H2_msa_titration/seed_44/H2_msa_titration_seed_44_sample_1_model.cif,H12-out,ok,219,84.59,95.3,35.89,7.633,0
depth_128/H2_msa_titration/seed_44/H2_msa_titration_seed_44_sample_2_model.cif,H12-out,ok,219,82.65,95.11,36.33,7.533,0
depth_128/H2_msa_titration/seed_44/H2_msa_titration_seed_44_sample_3_model.cif,H12-out,ok,219,85.62,95.53,36.17,7.689,0
depth_128/H2_msa_titration/seed_44/H2_msa_titration_seed_44_sample_4_model.cif,H12-out,ok,219,84.25,95.16,35.53,7.706,0
depth_128/H2_msa_titration/seed_44/H2_msa_titration_seed_44_sample_5_model.cif,H12-out,ok,219,82.53,95.09,35.98,7.669,0
depth_128/H2_msa_titration/seed_44/H2_msa_titration_seed_44_sample_6_model.cif,H12-out,ok,219,82.08,95.35,35.57,7.701,0
depth_128/H2_msa_titration/seed_44/H2_msa_titration_seed_44_sample_7_model.cif,H12-out,ok,219,84.13,95.21,36.33,7.667,0
depth_128/H2_msa_titration/seed_44/H2_msa_titration_seed_44_sample_8_model.cif,H12-out,ok,219,86.19,95.42,37.03,7.566,0
depth_128/H2_msa_titration/seed_44/H2_msa_titration_seed_44_sample_9_model.cif,H12-out,ok,219,81.85,95.24,35.82,7.672,0
depth_128/H2_msa_titration/seed_45/H2_msa_titration_seed_45_sample_10_model.cif,H12-out,ok,219,85.27,95.56,37.91,7.44,0
depth_128/H2_msa_titration/seed_45/H2_msa_titration_seed_45_sample_1_model.cif,H12-out,ok,219,85.5,95.54,36.37,7.6,0
depth_128/H2_msa_titration/seed_45/H2_msa_titration_seed_45_sample_2_model.cif,H12-out,ok,219,81.62,94.67,35.52,7.689,0
depth_128/H2_msa_titration/seed_45/H2_msa_titration_seed_45_sample_3_model.cif,H12-out,ok,219,82.65,94.97,36.71,7.552,0
depth_128/H2_msa_titration/seed_45/H2_msa_titration_seed_45_sample_4_model.cif,H12-out,ok,219,83.79,95.13,36.62,7.636,0
depth_128/H2_msa_titration/seed_45/H2_msa_titration_seed_45_sample_5_model.cif,H12-out,ok,219,82.08,94.88,32.98,7.787,0
depth_128/H2_msa_titration/seed_45/H2_msa_titration_seed_45_sample_6_model.cif,H12-out,ok,219,83.56,95.06,36.73,7.592,0
depth_128/H2_msa_titration/seed_45/H2_msa_titration_seed_45_sample_7_model.cif,H12-out,ok,219,81.51,94.9,36.73,7.548,0
depth_128/H2_msa_titration/seed_45/H2_msa_titration_seed_45_sample_8_model.cif,H12-out,ok,219,87.44,95.38,36.83,7.432,0
depth_128/H2_msa_titration/seed_45/H2_msa_titration_seed_45_sample_9_model.cif,H12-out,ok,219,81.51,95.0,37.08,7.48,0
depth_128/H2_msa_titration/seed_46/H2_msa_titration_seed_46_sample_10_model.cif,H12-out,ok,219,86.64,95.37,36.62,7.558,0
depth_128/H2_msa_titration/seed_46/H2_msa_titration_seed_46_sample_1_model.cif,H12-out,ok,219,84.93,95.29,38.42,7.371,0
depth_128/H2_msa_titration/seed_46/H2_msa_titration_seed_46_sample_2_model.cif,H12-out,ok,219,84.13,95.49,36.53,7.243,0
depth_128/H2_msa_titration/seed_46/H2_msa_titration_seed_46_sample_3_model.cif,H12-out,ok,219,86.3,95.79,38.04,7.453,0
depth_128/H2_msa_titration/seed_46/H2_msa_titration_seed_46_sample_4_model.cif,H12-out,ok,219,82.88,94.96,38.56,7.391,0
depth_128/H2_msa_titration/seed_46/H2_msa_titration_seed_46_sample_5_model.cif,H12-out,ok,219,78.42,94.64,38.1,7.398,0
depth_128/H2_msa_titration/seed_46/H2_msa_titration_seed_46_sample_6_model.cif,H12-out,ok,219,86.76,95.47,37.94,7.467,0
depth_128/H2_msa_titration/seed_46/H2_msa_titration_seed_46_sample_7_model.cif,H12-out,ok,219,83.68,95.31,36.61,7.568,0
depth_128/H2_msa_titration/seed_46/H2_msa_titration_seed_46_sample_8_model.cif,H12-out,ok,219,81.62,94.8,36.84,7.341,0
depth_128/H2_msa_titration/seed_46/H2_msa_titration_seed_46_sample_9_model.cif,H12-out,ok,219,82.19,95.29,36.82,7.564,0
depth_32/H2_msa_titration/seed_42/H2_msa_titration_seed_42_sample_10_model.cif,H12-out,ok,219,0.68,34.21,19.41,13.829,0
depth_32/H2_msa_titration/seed_42/H2_msa_titration_seed_42_sample_1_model.cif,H12-out,ok,219,0.23,43.24,12.49,20.256,0
depth_32/H2_msa_titration/seed_42/H2_msa_titration_seed_42_sample_2_model.cif,H12-out,ok,219,8.22,46.63,13.79,16.846,0
depth_32/H2_msa_titration/seed_42/H2_msa_titration_seed_42_sample_3_model.cif,H12-out,ok,219,0.0,38.62,15.71,10.591,0
depth_32/H2_msa_titration/seed_42/H2_msa_titration_seed_42_sample_4_model.cif,H12-out,ok,219,2.4,35.33,14.58,25.586,0
depth_32/H2_msa_titration/seed_42/H2_msa_titration_seed_42_sample_5_model.cif,H12-out,ok,219,11.76,44.65,5.69,28.012,0
depth_32/H2_msa_titration/seed_42/H2_msa_titration_seed_42_sample_6_model.cif,H12-out,ok,219,2.28,43.8,12.92,18.425,0
depth_32/H2_msa_titration/seed_42/H2_msa_titration_seed_42_sample_7_model.cif,H12-out,ok,219,7.19,41.04,3.8,21.521,0
depth_32/H2_msa_titration/seed_42/H2_msa_titration_seed_42_sample_8_model.cif,H12-out,ok,219,6.05,39.1,9.55,15.085,0
depth_32/H2_msa_titration/seed_42/H2_msa_titration_seed_42_sample_9_model.cif,H12-out,ok,219,2.85,39.72,19.77,13.566,0
depth_32/H2_msa_titration/seed_43/H2_msa_titration_seed_43_sample_10_model.cif,H12-out,ok,219,1.14,39.28,5.71,23.853,0
depth_32/H2_msa_titration/seed_43/H2_msa_titration_seed_43_sample_1_model.cif,H12-out,ok,219,2.63,38.71,12.63,14.233,0
depth_32/H2_msa_titration/seed_43/H2_msa_titration_seed_43_sample_2_model.cif,H12-out,ok,219,1.83,40.68,19.39,12.378,0
depth_32/H2_msa_titration/seed_43/H2_msa_titration_seed_43_sample_3_model.cif,H12-out,ok,219,5.48,41.66,19.61,12.48,0
depth_32/H2_msa_titration/seed_43/H2_msa_titration_seed_43_sample_4_model.cif,H12-out,ok,219,0.0,40.14,14.16,9.964,0
depth_32/H2_msa_titration/seed_43/H2_msa_titration_seed_43_sample_5_model.cif,H12-out,ok,219,0.0,39.35,16.71,12.757,0
depth_32/H2_msa_titration/seed_43/H2_msa_titration_seed_43_sample_6_model.cif,H12-out,ok,219,0.0,37.58,15.38,17.145,0
depth_32/H2_msa_titration/seed_43/H2_msa_titration_seed_43_sample_7_model.cif,H12-out,ok,219,2.74,35.41,3.95,24.486,0
depth_32/H2_msa_titration/seed_43/H2_msa_titration_seed_43_sample_8_model.cif,H12-out,ok,219,4.68,37.75,3.99,27.874,0
depth_32/H2_msa_titration/seed_43/H2_msa_titration_seed_43_sample_9_model.cif,H12-out,ok,219,0.23,36.32,17.61,12.872,0
depth_32/H2_msa_titration/seed_44/H2_msa_titration_seed_44_sample_10_model.cif,H12-out,ok,219,9.7,40.37,4.57,33.763,0
depth_32/H2_msa_titration/seed_44/H2_msa_titration_seed_44_sample_1_model.cif,H12-out,ok,219,0.11,37.96,15.14,13.28,0
depth_32/H2_msa_titration/seed_44/H2_msa_titration_seed_44_sample_2_model.cif,H12-out,ok,219,1.26,39.11,17.22,11.11,0
depth_32/H2_msa_titration/seed_44/H2_msa_titration_seed_44_sample_3_model.cif,H12-out,ok,219,7.08,45.75,20.3,10.629,0
depth_32/H2_msa_titration/seed_44/H2_msa_titration_seed_44_sample_4_model.cif,H12-out,ok,219,0.0,36.62,14.19,11.837,0
depth_32/H2_msa_titration/seed_44/H2_msa_titration_seed_44_sample_5_model.cif,H12-out,ok,219,0.23,36.89,11.13,16.129,0
depth_32/H2_msa_titration/seed_44/H2_msa_titration_seed_44_sample_6_model.cif,H12-out,ok,219,0.23,40.31,8.17,15.272,0
depth_32/H2_msa_titration/seed_44/H2_msa_titration_seed_44_sample_7_model.cif,H12-out,ok,219,6.16,39.04,20.17,9.271,0
depth_32/H2_msa_titration/seed_44/H2_msa_titration_seed_44_sample_8_model.cif,H12-out,ok,219,5.25,41.28,6.32,19.699,0
depth_32/H2_msa_titration/seed_44/H2_msa_titration_seed_44_sample_9_model.cif,H12-out,ok,219,5.59,33.55,5.37,19.963,0
depth_32/H2_msa_titration/seed_45/H2_msa_titration_seed_45_sample_10_model.cif,H12-out,ok,219,1.6,41.59,15.25,15.206,0
depth_32/H2_msa_titration/seed_45/H2_msa_titration_seed_45_sample_1_model.cif,H12-out,ok,219,0.23,38.95,5.3,21.549,0
depth_32/H2_msa_titration/seed_45/H2_msa_titration_seed_45_sample_2_model.cif,H12-out,ok,219,4.0,38.62,20.94,11.918,0
depth_32/H2_msa_titration/seed_45/H2_msa_titration_seed_45_sample_3_model.cif,H12-out,ok,219,2.74,43.51,15.15,16.183,0
depth_32/H2_msa_titration/seed_45/H2_msa_titration_seed_45_sample_4_model.cif,H12-out,ok,219,9.59,43.51,14.17,8.541,0
depth_32/H2_msa_titration/seed_45/H2_msa_titration_seed_45_sample_5_model.cif,H12-out,ok,219,4.91,40.0,24.93,25.839,0
depth_32/H2_msa_titration/seed_45/H2_msa_titration_seed_45_sample_6_model.cif,H12-out,ok,219,4.79,39.57,18.43,10.062,0
depth_32/H2_msa_titration/seed_45/H2_msa_titration_seed_45_sample_7_model.cif,H12-out,ok,219,6.85,42.18,19.46,12.215,0
depth_32/H2_msa_titration/seed_45/H2_msa_titration_seed_45_sample_8_model.cif,H12-out,ok,219,11.99,40.26,4.28,29.426,0
depth_32/H2_msa_titration/seed_45/H2_msa_titration_seed_45_sample_9_model.cif,H12-out,ok,219,0.57,42.54,15.95,14.831,0
depth_32/H2_msa_titration/seed_46/H2_msa_titration_seed_46_sample_10_model.cif,H12-out,ok,219,12.33,53.75,20.04,10.168,0
depth_32/H2_msa_titration/seed_46/H2_msa_titration_seed_46_sample_1_model.cif,H12-out,ok,219,1.6,38.89,20.57,8.565,0
depth_32/H2_msa_titration/seed_46/H2_msa_titration_seed_46_sample_2_model.cif,H12-out,ok,219,7.76,45.13,26.34,8.835,0
depth_32/H2_msa_titration/seed_46/H2_msa_titration_seed_46_sample_3_model.cif,H12-out,ok,219,6.05,41.79,10.39,20.362,0
depth_32/H2_msa_titration/seed_46/H2_msa_titration_seed_46_sample_4_model.cif,H12-out,ok,219,0.11,42.02,3.32,27.304,0
depth_32/H2_msa_titration/seed_46/H2_msa_titration_seed_46_sample_5_model.cif,H12-out,ok,219,7.53,46.49,17.21,14.911,0
depth_32/H2_msa_titration/seed_46/H2_msa_titration_seed_46_sample_6_model.cif,H12-out,ok,219,2.17,41.54,28.05,8.428,0
depth_32/H2_msa_titration/seed_46/H2_msa_titration_seed_46_sample_7_model.cif,H12-out,ok,219,7.19,46.14,23.07,7.197,0
depth_32/H2_msa_titration/seed_46/H2_msa_titration_seed_46_sample_8_model.cif,H12-out,ok,219,5.94,43.01,16.21,17.779,0
depth_32/H2_msa_titration/seed_46/H2_msa_titration_seed_46_sample_9_model.cif,H12-out,ok,219,6.39,37.08,22.58,15.153,0
depth_512/H2_msa_titration/seed_42/H2_msa_titration_seed_42_sample_10_model.cif,H12-out,ok,219,82.65,94.95,36.76,7.546,0
depth_512/H2_msa_titration/seed_42/H2_msa_titration_seed_42_sample_1_model.cif,H12-out,ok,219,85.16,95.22,34.22,7.499,0
depth_512/H2_msa_titration/seed_42/H2_msa_titration_seed_42_sample_2_model.cif,H12-out,ok,219,84.7,95.13,33.49,7.542,0
depth_512/H2_msa_titration/seed_42/H2_msa_titration_seed_42_sample_3_model.cif,H12-out,ok,219,84.36,95.23,36.63,7.575,0
depth_512/H2_msa_titration/seed_42/H2_msa_titration_seed_42_sample_4_model.cif,H12-out,ok,219,86.76,95.26,36.13,7.607,0
depth_512/H2_msa_titration/seed_42/H2_msa_titration_seed_42_sample_5_model.cif,H12-out,ok,219,84.47,94.95,37.14,7.498,0
depth_512/H2_msa_titration/seed_42/H2_msa_titration_seed_42_sample_6_model.cif,H12-out,ok,219,85.73,95.23,36.88,7.544,0
depth_512/H2_msa_titration/seed_42/H2_msa_titration_seed_42_sample_7_model.cif,H12-out,ok,219,81.85,94.77,36.31,7.573,0
depth_512/H2_msa_titration/seed_42/H2_msa_titration_seed_42_sample_8_model.cif,H12-out,ok,219,85.84,94.98,37.18,7.488,0
depth_512/H2_msa_titration/seed_42/H2_msa_titration_seed_42_sample_9_model.cif,H12-out,ok,219,81.05,94.59,37.15,7.458,0
depth_512/H2_msa_titration/seed_43/H2_msa_titration_seed_43_sample_10_model.cif,H12-out,ok,219,84.93,94.82,37.12,7.472,0
depth_512/H2_msa_titration/seed_43/H2_msa_titration_seed_43_sample_1_model.cif,H12-out,ok,219,83.56,94.91,36.39,7.573,0
depth_512/H2_msa_titration/seed_43/H2_msa_titration_seed_43_sample_2_model.cif,H12-out,ok,219,81.96,94.93,36.52,7.549,0
depth_512/H2_msa_titration/seed_43/H2_msa_titration_seed_43_sample_3_model.cif,H12-out,ok,219,81.62,94.6,36.32,7.578,0
depth_512/H2_msa_titration/seed_43/H2_msa_titration_seed_43_sample_4_model.cif,H12-out,ok,219,80.94,94.76,36.62,7.555,0
depth_512/H2_msa_titration/seed_43/H2_msa_titration_seed_43_sample_5_model.cif,H12-out,ok,219,86.76,95.33,36.95,7.406,0
depth_512/H2_msa_titration/seed_43/H2_msa_titration_seed_43_sample_6_model.cif,H12-out,ok,219,86.76,95.23,36.65,7.577,0
depth_512/H2_msa_titration/seed_43/H2_msa_titration_seed_43_sample_7_model.cif,H12-out,ok,219,86.07,95.43,36.71,7.529,0
depth_512/H2_msa_titration/seed_43/H2_msa_titration_seed_43_sample_8_model.cif,H12-out,ok,219,83.79,95.3,36.57,7.581,0
depth_512/H2_msa_titration/seed_43/H2_msa_titration_seed_43_sample_9_model.cif,H12-out,ok,219,82.19,94.88,36.24,7.584,0
depth_512/H2_msa_titration/seed_44/H2_msa_titration_seed_44_sample_10_model.cif,H12-out,ok,219,85.5,95.27,34.32,7.504,0
depth_512/H2_msa_titration/seed_44/H2_msa_titration_seed_44_sample_1_model.cif,H12-out,ok,219,83.11,94.88,36.42,7.498,0
depth_512/H2_msa_titration/seed_44/H2_msa_titration_seed_44_sample_2_model.cif,H12-out,ok,219,81.39,94.78,36.22,7.529,0
depth_512/H2_msa_titration/seed_44/H2_msa_titration_seed_44_sample_3_model.cif,H12-out,ok,219,84.02,95.12,36.68,7.569,0
depth_512/H2_msa_titration/seed_44/H2_msa_titration_seed_44_sample_4_model.cif,H12-out,ok,219,83.56,94.63,36.24,7.583,0
depth_512/H2_msa_titration/seed_44/H2_msa_titration_seed_44_sample_5_model.cif,H12-out,ok,219,81.28,94.59,36.37,7.573,0
depth_512/H2_msa_titration/seed_44/H2_msa_titration_seed_44_sample_6_model.cif,H12-out,ok,219,81.62,94.98,36.45,7.586,0
depth_512/H2_msa_titration/seed_44/H2_msa_titration_seed_44_sample_7_model.cif,H12-out,ok,219,82.42,94.75,36.98,7.531,0
depth_512/H2_msa_titration/seed_44/H2_msa_titration_seed_44_sample_8_model.cif,H12-out,ok,219,85.39,94.95,37.49,7.475,0
depth_512/H2_msa_titration/seed_44/H2_msa_titration_seed_44_sample_9_model.cif,H12-out,ok,219,83.11,94.95,36.25,7.606,0
depth_512/H2_msa_titration/seed_45/H2_msa_titration_seed_45_sample_10_model.cif,H12-out,ok,219,84.93,95.22,38.03,7.451,0
depth_512/H2_msa_titration/seed_45/H2_msa_titration_seed_45_sample_1_model.cif,H12-out,ok,219,86.3,95.45,37.11,7.455,0
depth_512/H2_msa_titration/seed_45/H2_msa_titration_seed_45_sample_2_model.cif,H12-out,ok,219,82.88,94.54,36.03,7.574,0
depth_512/H2_msa_titration/seed_45/H2_msa_titration_seed_45_sample_3_model.cif,H12-out,ok,219,82.76,94.7,36.69,7.565,0
depth_512/H2_msa_titration/seed_45/H2_msa_titration_seed_45_sample_4_model.cif,H12-out,ok,219,83.9,95.04,36.24,7.594,0
depth_512/H2_msa_titration/seed_45/H2_msa_titration_seed_45_sample_5_model.cif,H12-out,ok,219,82.19,94.91,33.6,7.644,0
depth_512/H2_msa_titration/seed_45/H2_msa_titration_seed_45_sample_6_model.cif,H12-out,ok,219,83.45,94.8,36.32,7.566,0
depth_512/H2_msa_titration/seed_45/H2_msa_titration_seed_45_sample_7_model.cif,H12-out,ok,219,82.53,94.81,36.5,7.553,0
depth_512/H2_msa_titration/seed_45/H2_msa_titration_seed_45_sample_8_model.cif,H12-out,ok,219,86.42,95.44,35.81,7.403,0
depth_512/H2_msa_titration/seed_45/H2_msa_titration_seed_45_sample_9_model.cif,H12-out,ok,219,82.19,94.84,37.29,7.52,0
depth_512/H2_msa_titration/seed_46/H2_msa_titration_seed_46_sample_10_model.cif,H12-out,ok,219,86.42,95.09,36.25,7.562,0
depth_512/H2_msa_titration/seed_46/H2_msa_titration_seed_46_sample_1_model.cif,H12-out,ok,219,84.82,94.84,36.32,7.581,0
depth_512/H2_msa_titration/seed_46/H2_msa_titration_seed_46_sample_2_model.cif,H12-out,ok,219,83.11,95.17,33.58,7.422,0
depth_512/H2_msa_titration/seed_46/H2_msa_titration_seed_46_sample_3_model.cif,H12-out,ok,219,83.68,95.13,36.9,7.479,0
depth_512/H2_msa_titration/seed_46/H2_msa_titration_seed_46_sample_4_model.cif,H12-out,ok,219,82.65,94.66,36.72,7.55,0
depth_512/H2_msa_titration/seed_46/H2_msa_titration_seed_46_sample_5_model.cif,H12-out,ok,219,79.0,94.5,36.3,7.558,0
depth_512/H2_msa_titration/seed_46/H2_msa_titration_seed_46_sample_6_model.cif,H12-out,ok,219,85.73,94.91,37.36,7.523,0
depth_512/H2_msa_titration/seed_46/H2_msa_titration_seed_46_sample_7_model.cif,H12-out,ok,219,83.9,95.04,36.48,7.574,0
depth_512/H2_msa_titration/seed_46/H2_msa_titration_seed_46_sample_8_model.cif,H12-out,ok,219,82.65,94.74,36.96,7.422,0
depth_512/H2_msa_titration/seed_46/H2_msa_titration_seed_46_sample_9_model.cif,H12-out,ok,219,82.53,94.91,36.52,7.578,0
depth_8/H2_msa_titration/seed_42/H2_msa_titration_seed_42_sample_10_model.cif,H12-out,ok,219,0.23,37.6,14.1,8.599,0
depth_8/H2_msa_titration/seed_42/H2_msa_titration_seed_42_sample_1_model.cif,H12-out,ok,219,0.23,32.08,9.76,22.595,0
depth_8/H2_msa_titration/seed_42/H2_msa_titration_seed_42_sample_2_model.cif,H12-out,ok,219,4.79,43.12,3.39,33.284,0
depth_8/H2_msa_titration/seed_42/H2_msa_titration_seed_42_sample_3_model.cif,H12-out,ok,219,6.16,37.23,5.81,25.371,0
depth_8/H2_msa_titration/seed_42/H2_msa_titration_seed_42_sample_4_model.cif,H12-out,ok,219,2.51,38.19,18.4,9.747,0
depth_8/H2_msa_titration/seed_42/H2_msa_titration_seed_42_sample_5_model.cif,H12-out,ok,219,3.2,42.88,9.02,22.48,0
depth_8/H2_msa_titration/seed_42/H2_msa_titration_seed_42_sample_6_model.cif,H12-out,ok,219,0.0,36.6,9.12,16.677,0
depth_8/H2_msa_titration/seed_42/H2_msa_titration_seed_42_sample_7_model.cif,H12-out,ok,219,2.74,34.73,14.43,7.406,0
depth_8/H2_msa_titration/seed_42/H2_msa_titration_seed_42_sample_8_model.cif,H12-out,ok,219,2.97,33.57,14.24,16.248,0
depth_8/H2_msa_titration/seed_42/H2_msa_titration_seed_42_sample_9_model.cif,H12-out,ok,219,4.11,34.66,8.99,13.161,0
depth_8/H2_msa_titration/seed_43/H2_msa_titration_seed_43_sample_10_model.cif,H12-out,ok,219,1.83,34.66,16.04,11.187,0
depth_8/H2_msa_titration/seed_43/H2_msa_titration_seed_43_sample_1_model.cif,H12-out,ok,219,11.99,45.31,6.76,24.236,0
depth_8/H2_msa_titration/seed_43/H2_msa_titration_seed_43_sample_2_model.cif,H12-out,ok,219,2.4,40.75,7.23,23.206,0
depth_8/H2_msa_titration/seed_43/H2_msa_titration_seed_43_sample_3_model.cif,H12-out,ok,219,2.85,36.83,17.08,12.405,0
depth_8/H2_msa_titration/seed_43/H2_msa_titration_seed_43_sample_4_model.cif,H12-out,ok,219,5.48,38.38,10.51,18.539,0
depth_8/H2_msa_titration/seed_43/H2_msa_titration_seed_43_sample_5_model.cif,H12-out,ok,219,5.82,41.81,27.28,9.115,0
depth_8/H2_msa_titration/seed_43/H2_msa_titration_seed_43_sample_6_model.cif,H12-out,ok,219,3.42,37.91,7.22,25.213,0
depth_8/H2_msa_titration/seed_43/H2_msa_titration_seed_43_sample_7_model.cif,H12-out,ok,219,0.46,33.06,8.46,13.844,0
depth_8/H2_msa_titration/seed_43/H2_msa_titration_seed_43_sample_8_model.cif,H12-out,ok,219,0.0,35.11,12.26,8.112,0
depth_8/H2_msa_titration/seed_43/H2_msa_titration_seed_43_sample_9_model.cif,H12-out,ok,219,0.23,37.75,13.82,8.78,0
depth_8/H2_msa_titration/seed_44/H2_msa_titration_seed_44_sample_10_model.cif,H12-out,ok,219,0.23,33.09,7.24,21.33,0
depth_8/H2_msa_titration/seed_44/H2_msa_titration_seed_44_sample_1_model.cif,H12-out,ok,219,6.05,44.27,3.99,32.975,0
depth_8/H2_msa_titration/seed_44/H2_msa_titration_seed_44_sample_2_model.cif,H12-out,ok,219,0.0,34.84,21.65,23.968,0
depth_8/H2_msa_titration/seed_44/H2_msa_titration_seed_44_sample_3_model.cif,H12-out,ok,219,0.0,34.02,14.94,9.003,0
depth_8/H2_msa_titration/seed_44/H2_msa_titration_seed_44_sample_4_model.cif,H12-out,ok,219,2.74,34.89,13.78,19.613,0
depth_8/H2_msa_titration/seed_44/H2_msa_titration_seed_44_sample_5_model.cif,H12-out,ok,219,4.0,35.03,10.18,13.036,0
depth_8/H2_msa_titration/seed_44/H2_msa_titration_seed_44_sample_6_model.cif,H12-out,ok,219,0.23,37.22,3.79,34.069,0
depth_8/H2_msa_titration/seed_44/H2_msa_titration_seed_44_sample_7_model.cif,H12-out,ok,219,0.0,31.25,8.29,21.544,0
depth_8/H2_msa_titration/seed_44/H2_msa_titration_seed_44_sample_8_model.cif,H12-out,ok,219,2.05,37.36,11.76,14.277,0
depth_8/H2_msa_titration/seed_44/H2_msa_titration_seed_44_sample_9_model.cif,H12-out,ok,219,0.0,34.08,12.11,10.141,0
depth_8/H2_msa_titration/seed_45/H2_msa_titration_seed_45_sample_10_model.cif,H12-out,ok,219,3.08,35.88,15.73,9.16,0
depth_8/H2_msa_titration/seed_45/H2_msa_titration_seed_45_sample_1_model.cif,H12-out,ok,219,5.71,38.11,23.56,7.896,0
depth_8/H2_msa_titration/seed_45/H2_msa_titration_seed_45_sample_2_model.cif,H12-out,ok,219,0.0,35.11,16.01,11.118,0
depth_8/H2_msa_titration/seed_45/H2_msa_titration_seed_45_sample_3_model.cif,H12-out,ok,219,4.79,39.24,7.52,23.815,0
depth_8/H2_msa_titration/seed_45/H2_msa_titration_seed_45_sample_4_model.cif,H12-out,ok,219,0.11,35.51,11.61,8.268,0
depth_8/H2_msa_titration/seed_45/H2_msa_titration_seed_45_sample_5_model.cif,H12-out,ok,219,4.45,36.15,5.03,22.229,0
depth_8/H2_msa_titration/seed_45/H2_msa_titration_seed_45_sample_6_model.cif,H12-out,ok,219,3.42,43.6,8.78,17.786,0
depth_8/H2_msa_titration/seed_45/H2_msa_titration_seed_45_sample_7_model.cif,H12-out,ok,219,3.65,36.96,8.98,12.781,0
depth_8/H2_msa_titration/seed_45/H2_msa_titration_seed_45_sample_8_model.cif,H12-out,ok,219,0.0,32.82,19.55,16.602,0
depth_8/H2_msa_titration/seed_45/H2_msa_titration_seed_45_sample_9_model.cif,H12-out,ok,219,3.54,33.0,14.89,9.503,0
depth_8/H2_msa_titration/seed_46/H2_msa_titration_seed_46_sample_10_model.cif,H12-out,ok,219,0.0,34.99,5.45,22.467,0
depth_8/H2_msa_titration/seed_46/H2_msa_titration_seed_46_sample_1_model.cif,H12-out,ok,219,2.85,33.5,17.41,22.729,0
depth_8/H2_msa_titration/seed_46/H2_msa_titration_seed_46_sample_2_model.cif,H12-out,ok,219,0.11,35.47,11.7,7.426,0
depth_8/H2_msa_titration/seed_46/H2_msa_titration_seed_46_sample_3_model.cif,H12-out,ok,219,0.0,32.96,10.12,9.974,0
depth_8/H2_msa_titration/seed_46/H2_msa_titration_seed_46_sample_4_model.cif,H12-out,ok,219,0.0,36.57,11.37,21.385,0
depth_8/H2_msa_titration/seed_46/H2_msa_titration_seed_46_sample_5_model.cif,H12-out,ok,219,3.08,36.63,8.8,20.028,0
depth_8/H2_msa_titration/seed_46/H2_msa_titration_seed_46_sample_6_model.cif,H12-out,ok,219,0.0,34.72,8.76,18.241,0
depth_8/H2_msa_titration/seed_46/H2_msa_titration_seed_46_sample_7_model.cif,H12-out,ok,219,0.23,38.77,5.83,16.867,0
depth_8/H2_msa_titration/seed_46/H2_msa_titration_seed_46_sample_8_model.cif,H12-out,ok,219,0.11,35.44,13.67,8.652,0
depth_8/H2_msa_titration/seed_46/H2_msa_titration_seed_46_sample_9_model.cif,H12-out,ok,219,1.94,36.34,16.4,9.544,0
