pattern,expected_call
POOL_CHEMBL5741244_agonist,agonist-like
POOL_CHEMBL5827660_agonist,agonist-like
POOL_CHEMBL5083464_agonist,agonist-like
POOL_CHEMBL4446140_agonist,agonist-like
POOL_CHEMBL4851214_agonist,agonist-like
POOL_CHEMBL3609409_agonist,agonist-like
POOL_CHEMBL3609404_agonist,agonist-like
POOL_CHEMBL5864984_agonist,agonist-like
POOL_CHEMBL4870796_agonist,agonist-like
POOL_CHEMBL5425541_agonist,agonist-like
POOL_CHEMBL4874284_agonist,agonist-like
POOL_CHEMBL4634701_agonist,agonist-like
POOL_CHEMBL4868437_agonist,agonist-like
POOL_CHEMBL3609403_agonist,agonist-like
POOL_CHEMBL4875850_agonist,agonist-like
POOL_CHEMBL5864404_agonist,agonist-like
POOL_CHEMBL5410038_agonist,agonist-like
POOL_CHEMBL4642011_agonist,agonist-like
POOL_CHEMBL3581543_agonist,agonist-like
POOL_CHEMBL4856642_agonist,agonist-like
POOL_CHEMBL4849340_agonist,agonist-like
POOL_CHEMBL4783854_agonist,agonist-like
POOL_CHEMBL5083860_agonist,agonist-like
POOL_CHEMBL4868594_agonist,agonist-like
POOL_CHEMBL4648410_agonist,agonist-like
POOL_CHEMBL4870621_agonist,agonist-like
POOL_CHEMBL5092600_agonist,agonist-like
POOL_CHEMBL5075133_agonist,agonist-like
POOL_CHEMBL4644213_agonist,agonist-like
POOL_CHEMBL5401542_agonist,agonist-like
POOL_CHEMBL4863518_agonist,agonist-like
POOL_CHEMBL5090127_agonist,agonist-like
POOL_CHEMBL4543504_agonist,agonist-like
POOL_CHEMBL4865740_agonist,agonist-like
POOL_CHEMBL5420330_agonist,agonist-like
POOL_CHEMBL5091222_agonist,agonist-like
POOL_CHEMBL5092956_agonist,agonist-like
POOL_CHEMBL4863222_agonist,agonist-like
POOL_CHEMBL5431510_agonist,agonist-like
POOL_CHEMBL4879322_agonist,agonist-like
POOL_CHEMBL4871865_agonist,agonist-like
POOL_CHEMBL5434833_agonist,agonist-like
POOL_CHEMBL3313999_agonist,agonist-like
POOL_CHEMBL5087837_agonist,agonist-like
POOL_CHEMBL4645125_agonist,agonist-like
POOL_CHEMBL5413139_agonist,agonist-like
POOL_CHEMBL4459436_agonist,agonist-like
POOL_CHEMBL5408607_agonist,agonist-like
POOL_CHEMBL4777230_agonist,agonist-like
POOL_CHEMBL4875075_agonist,agonist-like
POOL_CHEMBL3314000_agonist,agonist-like
POOL_CHEMBL5867155_agonist,agonist-like
POOL_CHEMBL5801363_agonist,agonist-like
POOL_CHEMBL3217768_agonist,agonist-like
POOL_CHEMBL5436004_agonist,agonist-like
POOL_CHEMBL4851155_agonist,agonist-like
POOL_CHEMBL5083229_agonist,agonist-like
POOL_CHEMBL4777967_agonist,agonist-like
POOL_CHEMBL5401254_agonist,agonist-like
POOL_CHEMBL4434744_agonist,agonist-like
POOL_CHEMBL5433435_antagonist,inverse-agonist-like
POOL_CHEMBL4127127_antagonist,inverse-agonist-like
POOL_CHEMBL5418139_antagonist,inverse-agonist-like
POOL_CHEMBL5908482_antagonist,inverse-agonist-like
POOL_CHEMBL6032768_antagonist,inverse-agonist-like
POOL_CHEMBL5900812_antagonist,inverse-agonist-like
POOL_CHEMBL5973554_antagonist,inverse-agonist-like
POOL_CHEMBL5868879_antagonist,inverse-agonist-like
POOL_CHEMBL5740366_antagonist,inverse-agonist-like
POOL_CHEMBL5834744_antagonist,inverse-agonist-like
POOL_CHEMBL5977227_antagonist,inverse-agonist-like
POOL_CHEMBL4125757_antagonist,inverse-agonist-like
POOL_CHEMBL5424936_antagonist,inverse-agonist-like
POOL_CHEMBL6034196_antagonist,inverse-agonist-like
POOL_CHEMBL6057772_antagonist,inverse-agonist-like
POOL_CHEMBL5984243_antagonist,inverse-agonist-like
POOL_CHEMBL5863097_antagonist,inverse-agonist-like
POOL_CHEMBL4128575_antagonist,inverse-agonist-like
POOL_CHEMBL5795554_antagonist,inverse-agonist-like
POOL_CHEMBL5824934_antagonist,inverse-agonist-like
POOL_CHEMBL5830559_antagonist,inverse-agonist-like
POOL_CHEMBL5817629_antagonist,inverse-agonist-like
POOL_CHEMBL4578385_antagonist,inverse-agonist-like
POOL_CHEMBL5860429_antagonist,inverse-agonist-like
POOL_CHEMBL6021812_antagonist,inverse-agonist-like
POOL_CHEMBL5786443_antagonist,inverse-agonist-like
POOL_CHEMBL5852043_antagonist,inverse-agonist-like
POOL_CHEMBL3314023_antagonist,inverse-agonist-like
POOL_CHEMBL4848024_antagonist,inverse-agonist-like
POOL_CHEMBL3314025_antagonist,inverse-agonist-like
POOL_CHEMBL5934872_antagonist,inverse-agonist-like
POOL_CHEMBL3314026_antagonist,inverse-agonist-like
POOL_CHEMBL5939878_antagonist,inverse-agonist-like
POOL_CHEMBL4126317_antagonist,inverse-agonist-like
POOL_CHEMBL5755790_antagonist,inverse-agonist-like
POOL_CHEMBL6065414_antagonist,inverse-agonist-like
POOL_CHEMBL5978464_antagonist,inverse-agonist-like
POOL_CHEMBL5757163_antagonist,inverse-agonist-like
POOL_CHEMBL5949130_antagonist,inverse-agonist-like
POOL_CHEMBL6004596_antagonist,inverse-agonist-like
POOL_CHEMBL3314028_antagonist,inverse-agonist-like
POOL_CHEMBL3314027_antagonist,inverse-agonist-like
POOL_CHEMBL5880629_antagonist,inverse-agonist-like
POOL_CHEMBL6062185_antagonist,inverse-agonist-like
POOL_CHEMBL5996220_antagonist,inverse-agonist-like
POOL_CHEMBL5997076_antagonist,inverse-agonist-like
POOL_CHEMBL5740855_antagonist,inverse-agonist-like
POOL_CHEMBL5847061_antagonist,inverse-agonist-like
POOL_CHEMBL5409745_antagonist,inverse-agonist-like
POOL_CHEMBL5964745_antagonist,inverse-agonist-like
POOL_CHEMBL4127932_antagonist,inverse-agonist-like
POOL_CHEMBL4128363_antagonist,inverse-agonist-like
POOL_CHEMBL5943552_antagonist,inverse-agonist-like
POOL_CHEMBL5859342_antagonist,inverse-agonist-like
POOL_CHEMBL5742173_antagonist,inverse-agonist-like
POOL_CHEMBL6046710_antagonist,inverse-agonist-like
POOL_CHEMBL5937804_antagonist,inverse-agonist-like
POOL_CHEMBL4126366_antagonist,inverse-agonist-like
POOL_CHEMBL5438268_antagonist,inverse-agonist-like
POOL_CHEMBL4129494_antagonist,inverse-agonist-like
