file,status,whole_plddt,h12_local_plddt,rmsd_H12in,rmsd_H12out,signed_margin,state_call,confidence_score
out/apo/H3_apo/seed_42/H3_apo_seed_42_sample_10_model.cif,ok,90.3,86.99,0.472,7.882,-7.41,inverse-agonist-like (low H12 local confidence override),1.17
out/apo/H3_apo/seed_42/H3_apo_seed_42_sample_1_model.cif,ok,90.3,86.95,0.49,7.551,-7.06,inverse-agonist-like (low H12 local confidence override),1.16
out/apo/H3_apo/seed_42/H3_apo_seed_42_sample_2_model.cif,ok,90.2,86.81,0.589,7.695,-7.106,inverse-agonist-like (low H12 local confidence override),1.13
out/apo/H3_apo/seed_42/H3_apo_seed_42_sample_3_model.cif,ok,90.3,87.05,0.539,7.682,-7.143,inverse-agonist-like (low H12 local confidence override),1.18
out/apo/H3_apo/seed_42/H3_apo_seed_42_sample_4_model.cif,ok,90.2,86.84,0.557,7.771,-7.214,inverse-agonist-like (low H12 local confidence override),1.14
out/apo/H3_apo/seed_42/H3_apo_seed_42_sample_5_model.cif,ok,90.1,86.73,0.557,7.741,-7.184,inverse-agonist-like (low H12 local confidence override),1.12
out/apo/H3_apo/seed_42/H3_apo_seed_42_sample_6_model.cif,ok,90.2,86.78,0.544,7.836,-7.292,inverse-agonist-like (low H12 local confidence override),1.13
out/apo/H3_apo/seed_42/H3_apo_seed_42_sample_7_model.cif,ok,90.3,87.07,0.478,7.644,-7.166,inverse-agonist-like (low H12 local confidence override),1.18
out/apo/H3_apo/seed_42/H3_apo_seed_42_sample_8_model.cif,ok,90.2,86.85,0.618,7.619,-7.001,inverse-agonist-like (low H12 local confidence override),1.14
out/apo/H3_apo/seed_42/H3_apo_seed_42_sample_9_model.cif,ok,90.3,86.98,0.543,7.726,-7.184,inverse-agonist-like (low H12 local confidence override),1.16
out/apo/H3_apo/seed_43/H3_apo_seed_43_sample_10_model.cif,ok,90.3,87.16,0.587,7.64,-7.053,inverse-agonist-like (low H12 local confidence override),1.19
out/apo/H3_apo/seed_43/H3_apo_seed_43_sample_1_model.cif,ok,90.4,87.44,0.569,7.81,-7.241,inverse-agonist-like (low H12 local confidence override),1.24
out/apo/H3_apo/seed_43/H3_apo_seed_43_sample_2_model.cif,ok,90.4,87.28,0.481,7.619,-7.139,inverse-agonist-like (low H12 local confidence override),1.21
out/apo/H3_apo/seed_43/H3_apo_seed_43_sample_3_model.cif,ok,90.4,87.3,0.478,7.807,-7.328,inverse-agonist-like (low H12 local confidence override),1.22
out/apo/H3_apo/seed_43/H3_apo_seed_43_sample_4_model.cif,ok,90.3,87.2,0.553,7.712,-7.159,inverse-agonist-like (low H12 local confidence override),1.2
out/apo/H3_apo/seed_43/H3_apo_seed_43_sample_5_model.cif,ok,90.3,86.99,0.565,7.64,-7.075,inverse-agonist-like (low H12 local confidence override),1.16
out/apo/H3_apo/seed_43/H3_apo_seed_43_sample_6_model.cif,ok,90.3,87.17,0.557,7.662,-7.105,inverse-agonist-like (low H12 local confidence override),1.2
out/apo/H3_apo/seed_43/H3_apo_seed_43_sample_7_model.cif,ok,90.5,87.5,0.558,7.635,-7.078,inverse-agonist-like (low H12 local confidence override),1.25
out/apo/H3_apo/seed_43/H3_apo_seed_43_sample_8_model.cif,ok,90.4,87.46,0.507,7.652,-7.145,inverse-agonist-like (low H12 local confidence override),1.24
out/apo/H3_apo/seed_43/H3_apo_seed_43_sample_9_model.cif,ok,90.4,87.33,0.564,7.78,-7.216,inverse-agonist-like (low H12 local confidence override),1.22
out/apo/H3_apo/seed_44/H3_apo_seed_44_sample_10_model.cif,ok,90.7,88.45,0.53,7.55,-7.02,inverse-agonist-like (low H12 local confidence override),1.41
out/apo/H3_apo/seed_44/H3_apo_seed_44_sample_1_model.cif,ok,90.7,88.29,0.422,7.583,-7.161,inverse-agonist-like (low H12 local confidence override),1.38
out/apo/H3_apo/seed_44/H3_apo_seed_44_sample_2_model.cif,ok,90.5,87.98,0.685,7.684,-7.0,inverse-agonist-like (low H12 local confidence override),1.33
out/apo/H3_apo/seed_44/H3_apo_seed_44_sample_3_model.cif,ok,90.6,88.19,0.56,7.669,-7.11,inverse-agonist-like (low H12 local confidence override),1.37
out/apo/H3_apo/seed_44/H3_apo_seed_44_sample_4_model.cif,ok,90.7,88.32,0.488,7.621,-7.133,inverse-agonist-like (low H12 local confidence override),1.39
out/apo/H3_apo/seed_44/H3_apo_seed_44_sample_5_model.cif,ok,90.6,88.21,0.533,7.848,-7.315,inverse-agonist-like (low H12 local confidence override),1.37
out/apo/H3_apo/seed_44/H3_apo_seed_44_sample_6_model.cif,ok,90.6,88.29,0.54,7.77,-7.229,inverse-agonist-like (low H12 local confidence override),1.38
out/apo/H3_apo/seed_44/H3_apo_seed_44_sample_7_model.cif,ok,90.6,88.27,0.51,7.715,-7.204,inverse-agonist-like (low H12 local confidence override),1.38
out/apo/H3_apo/seed_44/H3_apo_seed_44_sample_8_model.cif,ok,90.7,88.45,0.505,7.826,-7.321,inverse-agonist-like (low H12 local confidence override),1.41
out/apo/H3_apo/seed_44/H3_apo_seed_44_sample_9_model.cif,ok,90.6,88.3,0.518,7.705,-7.188,inverse-agonist-like (low H12 local confidence override),1.38
out/apo/H3_apo/seed_45/H3_apo_seed_45_sample_10_model.cif,ok,90.5,87.89,0.564,7.711,-7.147,inverse-agonist-like (low H12 local confidence override),1.32
out/apo/H3_apo/seed_45/H3_apo_seed_45_sample_1_model.cif,ok,90.6,87.97,0.628,7.676,-7.049,inverse-agonist-like (low H12 local confidence override),1.33
out/apo/H3_apo/seed_45/H3_apo_seed_45_sample_2_model.cif,ok,90.6,88.06,0.454,7.712,-7.258,inverse-agonist-like (low H12 local confidence override),1.34
out/apo/H3_apo/seed_45/H3_apo_seed_45_sample_3_model.cif,ok,90.5,87.98,0.519,7.752,-7.233,inverse-agonist-like (low H12 local confidence override),1.33
out/apo/H3_apo/seed_45/H3_apo_seed_45_sample_4_model.cif,ok,90.5,88.02,0.447,7.771,-7.324,inverse-agonist-like (low H12 local confidence override),1.34
out/apo/H3_apo/seed_45/H3_apo_seed_45_sample_5_model.cif,ok,90.4,87.56,0.47,7.813,-7.343,inverse-agonist-like (low H12 local confidence override),1.26
out/apo/H3_apo/seed_45/H3_apo_seed_45_sample_6_model.cif,ok,90.5,87.78,0.548,7.664,-7.116,inverse-agonist-like (low H12 local confidence override),1.3
out/apo/H3_apo/seed_45/H3_apo_seed_45_sample_7_model.cif,ok,90.6,88.21,0.612,7.74,-7.128,inverse-agonist-like (low H12 local confidence override),1.37
out/apo/H3_apo/seed_45/H3_apo_seed_45_sample_8_model.cif,ok,90.5,87.82,0.582,7.566,-6.984,inverse-agonist-like (low H12 local confidence override),1.3
out/apo/H3_apo/seed_45/H3_apo_seed_45_sample_9_model.cif,ok,90.6,88.12,0.523,7.531,-7.008,inverse-agonist-like (low H12 local confidence override),1.35
out/apo/H3_apo/seed_46/H3_apo_seed_46_sample_10_model.cif,ok,90.3,87.04,0.564,7.755,-7.191,inverse-agonist-like (low H12 local confidence override),1.17
out/apo/H3_apo/seed_46/H3_apo_seed_46_sample_1_model.cif,ok,90.3,87.1,0.576,7.659,-7.083,inverse-agonist-like (low H12 local confidence override),1.18
out/apo/H3_apo/seed_46/H3_apo_seed_46_sample_2_model.cif,ok,90.4,87.27,0.517,7.78,-7.264,inverse-agonist-like (low H12 local confidence override),1.21
out/apo/H3_apo/seed_46/H3_apo_seed_46_sample_3_model.cif,ok,90.2,86.92,0.569,7.803,-7.234,inverse-agonist-like (low H12 local confidence override),1.15
out/apo/H3_apo/seed_46/H3_apo_seed_46_sample_4_model.cif,ok,90.4,87.27,0.587,7.803,-7.216,inverse-agonist-like (low H12 local confidence override),1.21
out/apo/H3_apo/seed_46/H3_apo_seed_46_sample_5_model.cif,ok,90.4,87.33,0.562,7.79,-7.228,inverse-agonist-like (low H12 local confidence override),1.22
out/apo/H3_apo/seed_46/H3_apo_seed_46_sample_6_model.cif,ok,90.3,87.15,0.597,7.814,-7.217,inverse-agonist-like (low H12 local confidence override),1.19
out/apo/H3_apo/seed_46/H3_apo_seed_46_sample_7_model.cif,ok,90.3,87.05,0.594,7.586,-6.992,inverse-agonist-like (low H12 local confidence override),1.18
out/apo/H3_apo/seed_46/H3_apo_seed_46_sample_8_model.cif,ok,90.2,86.87,0.463,7.631,-7.167,inverse-agonist-like (low H12 local confidence override),1.14
out/apo/H3_apo/seed_46/H3_apo_seed_46_sample_9_model.cif,ok,90.3,87.16,0.52,7.767,-7.247,inverse-agonist-like (low H12 local confidence override),1.19
out/c1/H3_C1_agonist_HC2/seed_42/H3_C1_agonist_HC2_seed_42_sample_10_model.cif,ok,87.7,76.22,0.715,7.991,-7.277,agonist-like,0.63
out/c1/H3_C1_agonist_HC2/seed_42/H3_C1_agonist_HC2_seed_42_sample_1_model.cif,ok,87.7,76.8,0.58,7.63,-7.05,agonist-like,0.53
out/c1/H3_C1_agonist_HC2/seed_42/H3_C1_agonist_HC2_seed_42_sample_2_model.cif,ok,87.5,75.37,0.578,7.65,-7.072,agonist-like,0.77
out/c1/H3_C1_agonist_HC2/seed_42/H3_C1_agonist_HC2_seed_42_sample_3_model.cif,ok,87.4,76.03,0.64,7.821,-7.181,agonist-like,0.66
out/c1/H3_C1_agonist_HC2/seed_42/H3_C1_agonist_HC2_seed_42_sample_4_model.cif,ok,87.6,76.25,0.648,7.857,-7.209,agonist-like,0.63
out/c1/H3_C1_agonist_HC2/seed_42/H3_C1_agonist_HC2_seed_42_sample_5_model.cif,ok,87.5,76.42,0.536,7.658,-7.121,agonist-like,0.6
out/c1/H3_C1_agonist_HC2/seed_42/H3_C1_agonist_HC2_seed_42_sample_6_model.cif,ok,87.4,75.89,0.459,7.839,-7.379,agonist-like,0.69
out/c1/H3_C1_agonist_HC2/seed_42/H3_C1_agonist_HC2_seed_42_sample_7_model.cif,ok,87.3,75.46,0.589,7.542,-6.953,agonist-like,0.76
out/c1/H3_C1_agonist_HC2/seed_42/H3_C1_agonist_HC2_seed_42_sample_8_model.cif,ok,87.4,75.6,0.524,7.787,-7.263,agonist-like,0.73
out/c1/H3_C1_agonist_HC2/seed_42/H3_C1_agonist_HC2_seed_42_sample_9_model.cif,ok,88.6,74.77,2.104,5.346,-3.242,agonist-like,0.87
out/c1/H3_C1_agonist_HC2/seed_43/H3_C1_agonist_HC2_seed_43_sample_10_model.cif,ok,88.0,78.6,0.63,7.788,-7.157,agonist-like,0.23
out/c1/H3_C1_agonist_HC2/seed_43/H3_C1_agonist_HC2_seed_43_sample_1_model.cif,ok,87.9,78.36,0.624,7.927,-7.302,agonist-like,0.27
out/c1/H3_C1_agonist_HC2/seed_43/H3_C1_agonist_HC2_seed_43_sample_2_model.cif,ok,88.5,78.92,0.522,7.511,-6.989,agonist-like,0.18
out/c1/H3_C1_agonist_HC2/seed_43/H3_C1_agonist_HC2_seed_43_sample_3_model.cif,ok,88.3,79.26,0.535,7.796,-7.261,agonist-like,0.12
out/c1/H3_C1_agonist_HC2/seed_43/H3_C1_agonist_HC2_seed_43_sample_4_model.cif,ok,88.3,79.27,0.739,7.896,-7.157,agonist-like,0.12
out/c1/H3_C1_agonist_HC2/seed_43/H3_C1_agonist_HC2_seed_43_sample_5_model.cif,ok,88.2,78.95,0.639,7.781,-7.142,agonist-like,0.18
out/c1/H3_C1_agonist_HC2/seed_43/H3_C1_agonist_HC2_seed_43_sample_6_model.cif,ok,88.4,79.64,0.459,7.825,-7.365,agonist-like,0.06
out/c1/H3_C1_agonist_HC2/seed_43/H3_C1_agonist_HC2_seed_43_sample_7_model.cif,ok,88.2,79.02,0.622,7.825,-7.203,agonist-like,0.16
out/c1/H3_C1_agonist_HC2/seed_43/H3_C1_agonist_HC2_seed_43_sample_8_model.cif,ok,88.3,78.94,0.523,7.667,-7.145,agonist-like,0.18
out/c1/H3_C1_agonist_HC2/seed_43/H3_C1_agonist_HC2_seed_43_sample_9_model.cif,ok,88.3,79.14,0.658,7.851,-7.193,agonist-like,0.14
out/c1/H3_C1_agonist_HC2/seed_44/H3_C1_agonist_HC2_seed_44_sample_10_model.cif,ok,87.7,77.34,0.522,7.596,-7.074,agonist-like,0.44
out/c1/H3_C1_agonist_HC2/seed_44/H3_C1_agonist_HC2_seed_44_sample_1_model.cif,ok,87.8,78.65,0.41,7.678,-7.268,agonist-like,0.23
out/c1/H3_C1_agonist_HC2/seed_44/H3_C1_agonist_HC2_seed_44_sample_2_model.cif,ok,87.9,77.94,0.569,7.537,-6.969,agonist-like,0.34
out/c1/H3_C1_agonist_HC2/seed_44/H3_C1_agonist_HC2_seed_44_sample_3_model.cif,ok,87.7,77.64,0.526,7.645,-7.119,agonist-like,0.39
out/c1/H3_C1_agonist_HC2/seed_44/H3_C1_agonist_HC2_seed_44_sample_4_model.cif,ok,87.6,76.72,0.585,7.696,-7.11,agonist-like,0.55
out/c1/H3_C1_agonist_HC2/seed_44/H3_C1_agonist_HC2_seed_44_sample_5_model.cif,ok,87.8,77.63,0.585,7.932,-7.347,agonist-like,0.4
out/c1/H3_C1_agonist_HC2/seed_44/H3_C1_agonist_HC2_seed_44_sample_6_model.cif,ok,87.9,78.05,0.598,7.657,-7.059,agonist-like,0.32
out/c1/H3_C1_agonist_HC2/seed_44/H3_C1_agonist_HC2_seed_44_sample_7_model.cif,ok,87.7,76.74,0.63,7.902,-7.272,agonist-like,0.54
out/c1/H3_C1_agonist_HC2/seed_44/H3_C1_agonist_HC2_seed_44_sample_8_model.cif,ok,87.7,77.55,0.583,7.74,-7.158,agonist-like,0.41
out/c1/H3_C1_agonist_HC2/seed_44/H3_C1_agonist_HC2_seed_44_sample_9_model.cif,ok,87.4,77.06,0.628,7.666,-7.038,agonist-like,0.49
out/c1/H3_C1_agonist_HC2/seed_45/H3_C1_agonist_HC2_seed_45_sample_10_model.cif,ok,88.1,77.5,0.623,7.848,-7.224,agonist-like,0.42
out/c1/H3_C1_agonist_HC2/seed_45/H3_C1_agonist_HC2_seed_45_sample_1_model.cif,ok,88.2,78.77,0.597,7.747,-7.15,agonist-like,0.21
out/c1/H3_C1_agonist_HC2/seed_45/H3_C1_agonist_HC2_seed_45_sample_2_model.cif,ok,88.4,78.71,0.617,7.737,-7.121,agonist-like,0.22
out/c1/H3_C1_agonist_HC2/seed_45/H3_C1_agonist_HC2_seed_45_sample_3_model.cif,ok,88.3,79.1,0.601,7.703,-7.102,agonist-like,0.15
out/c1/H3_C1_agonist_HC2/seed_45/H3_C1_agonist_HC2_seed_45_sample_4_model.cif,ok,88.0,77.92,0.48,7.642,-7.162,agonist-like,0.35
out/c1/H3_C1_agonist_HC2/seed_45/H3_C1_agonist_HC2_seed_45_sample_5_model.cif,ok,88.5,79.24,0.652,7.647,-6.995,agonist-like,0.13
out/c1/H3_C1_agonist_HC2/seed_45/H3_C1_agonist_HC2_seed_45_sample_6_model.cif,ok,88.3,78.66,0.555,7.714,-7.159,agonist-like,0.22
out/c1/H3_C1_agonist_HC2/seed_45/H3_C1_agonist_HC2_seed_45_sample_7_model.cif,ok,88.6,79.27,0.545,7.684,-7.139,agonist-like,0.12
out/c1/H3_C1_agonist_HC2/seed_45/H3_C1_agonist_HC2_seed_45_sample_8_model.cif,ok,88.2,79.18,0.519,7.678,-7.159,agonist-like,0.14
out/c1/H3_C1_agonist_HC2/seed_45/H3_C1_agonist_HC2_seed_45_sample_9_model.cif,ok,88.8,80.05,0.545,7.859,-7.314,inverse-agonist-like (low H12 local confidence override),0.01
out/c1/H3_C1_agonist_HC2/seed_46/H3_C1_agonist_HC2_seed_46_sample_10_model.cif,ok,87.4,76.27,0.462,7.583,-7.121,agonist-like,0.62
out/c1/H3_C1_agonist_HC2/seed_46/H3_C1_agonist_HC2_seed_46_sample_1_model.cif,ok,87.8,76.53,0.548,7.663,-7.115,agonist-like,0.58
out/c1/H3_C1_agonist_HC2/seed_46/H3_C1_agonist_HC2_seed_46_sample_2_model.cif,ok,87.3,75.61,0.635,7.804,-7.169,agonist-like,0.73
out/c1/H3_C1_agonist_HC2/seed_46/H3_C1_agonist_HC2_seed_46_sample_3_model.cif,ok,87.7,76.59,0.445,7.755,-7.31,agonist-like,0.57
out/c1/H3_C1_agonist_HC2/seed_46/H3_C1_agonist_HC2_seed_46_sample_4_model.cif,ok,87.6,76.23,0.599,7.811,-7.212,agonist-like,0.63
out/c1/H3_C1_agonist_HC2/seed_46/H3_C1_agonist_HC2_seed_46_sample_5_model.cif,ok,88.1,77.83,0.621,8.052,-7.431,agonist-like,0.36
out/c1/H3_C1_agonist_HC2/seed_46/H3_C1_agonist_HC2_seed_46_sample_6_model.cif,ok,87.8,76.69,0.426,7.717,-7.291,agonist-like,0.55
out/c1/H3_C1_agonist_HC2/seed_46/H3_C1_agonist_HC2_seed_46_sample_7_model.cif,ok,87.3,75.22,0.474,7.742,-7.268,agonist-like,0.8
out/c1/H3_C1_agonist_HC2/seed_46/H3_C1_agonist_HC2_seed_46_sample_8_model.cif,ok,87.7,76.92,0.488,7.838,-7.349,agonist-like,0.51
out/c1/H3_C1_agonist_HC2/seed_46/H3_C1_agonist_HC2_seed_46_sample_9_model.cif,ok,87.4,75.46,0.587,7.717,-7.13,agonist-like,0.76
out/c2/H3_C2_invago_4P1/seed_42/H3_C2_invago_4P1_seed_42_sample_10_model.cif,ok,90.1,79.03,1.672,5.823,-4.152,agonist-like,0.16
out/c2/H3_C2_invago_4P1/seed_42/H3_C2_invago_4P1_seed_42_sample_1_model.cif,ok,93.3,89.86,1.08,5.914,-4.833,inverse-agonist-like (low H12 local confidence override),1.64
out/c2/H3_C2_invago_4P1/seed_42/H3_C2_invago_4P1_seed_42_sample_2_model.cif,ok,90.2,78.95,1.9,5.586,-3.686,agonist-like,0.18
out/c2/H3_C2_invago_4P1/seed_42/H3_C2_invago_4P1_seed_42_sample_3_model.cif,ok,90.3,79.5,1.684,5.724,-4.04,agonist-like,0.08
out/c2/H3_C2_invago_4P1/seed_42/H3_C2_invago_4P1_seed_42_sample_4_model.cif,ok,90.2,79.59,1.827,5.569,-3.742,agonist-like,0.07
out/c2/H3_C2_invago_4P1/seed_42/H3_C2_invago_4P1_seed_42_sample_5_model.cif,ok,93.3,89.71,1.605,5.782,-4.177,inverse-agonist-like (low H12 local confidence override),1.62
out/c2/H3_C2_invago_4P1/seed_42/H3_C2_invago_4P1_seed_42_sample_6_model.cif,ok,92.8,88.19,1.63,5.931,-4.302,inverse-agonist-like (low H12 local confidence override),1.36
out/c2/H3_C2_invago_4P1/seed_42/H3_C2_invago_4P1_seed_42_sample_7_model.cif,ok,93.5,89.54,1.353,5.861,-4.508,inverse-agonist-like (low H12 local confidence override),1.59
out/c2/H3_C2_invago_4P1/seed_42/H3_C2_invago_4P1_seed_42_sample_8_model.cif,ok,93.2,89.44,1.356,6.182,-4.826,inverse-agonist-like (low H12 local confidence override),1.57
out/c2/H3_C2_invago_4P1/seed_42/H3_C2_invago_4P1_seed_42_sample_9_model.cif,ok,92.5,88.31,0.738,6.41,-5.672,inverse-agonist-like (low H12 local confidence override),1.39
out/c2/H3_C2_invago_4P1/seed_43/H3_C2_invago_4P1_seed_43_sample_10_model.cif,ok,89.0,79.99,0.549,7.717,-7.168,agonist-like,0.0
out/c2/H3_C2_invago_4P1/seed_43/H3_C2_invago_4P1_seed_43_sample_1_model.cif,ok,90.4,80.34,1.899,5.611,-3.712,inverse-agonist-like (low H12 local confidence override),0.06
out/c2/H3_C2_invago_4P1/seed_43/H3_C2_invago_4P1_seed_43_sample_2_model.cif,ok,90.2,78.98,1.89,5.478,-3.588,agonist-like,0.17
out/c2/H3_C2_invago_4P1/seed_43/H3_C2_invago_4P1_seed_43_sample_3_model.cif,ok,90.6,81.24,1.317,5.993,-4.676,inverse-agonist-like (low H12 local confidence override),0.21
out/c2/H3_C2_invago_4P1/seed_43/H3_C2_invago_4P1_seed_43_sample_4_model.cif,ok,90.5,80.27,1.49,6.044,-4.554,inverse-agonist-like (low H12 local confidence override),0.04
out/c2/H3_C2_invago_4P1/seed_43/H3_C2_invago_4P1_seed_43_sample_5_model.cif,ok,93.3,89.94,0.716,6.363,-5.647,inverse-agonist-like (low H12 local confidence override),1.66
out/c2/H3_C2_invago_4P1/seed_43/H3_C2_invago_4P1_seed_43_sample_6_model.cif,ok,89.9,78.58,1.704,6.048,-4.344,agonist-like,0.24
out/c2/H3_C2_invago_4P1/seed_43/H3_C2_invago_4P1_seed_43_sample_7_model.cif,ok,91.4,82.53,1.768,5.607,-3.839,inverse-agonist-like (low H12 local confidence override),0.42
out/c2/H3_C2_invago_4P1/seed_43/H3_C2_invago_4P1_seed_43_sample_8_model.cif,ok,89.1,80.06,0.695,7.913,-7.218,inverse-agonist-like (low H12 local confidence override),0.01
out/c2/H3_C2_invago_4P1/seed_43/H3_C2_invago_4P1_seed_43_sample_9_model.cif,ok,90.2,80.31,1.885,5.802,-3.917,inverse-agonist-like (low H12 local confidence override),0.05
out/c2/H3_C2_invago_4P1/seed_44/H3_C2_invago_4P1_seed_44_sample_10_model.cif,ok,90.3,79.91,1.656,5.894,-4.238,agonist-like,0.01
out/c2/H3_C2_invago_4P1/seed_44/H3_C2_invago_4P1_seed_44_sample_1_model.cif,ok,88.6,79.93,0.345,7.629,-7.284,agonist-like,0.01
out/c2/H3_C2_invago_4P1/seed_44/H3_C2_invago_4P1_seed_44_sample_2_model.cif,ok,90.3,79.63,1.911,5.397,-3.486,agonist-like,0.06
out/c2/H3_C2_invago_4P1/seed_44/H3_C2_invago_4P1_seed_44_sample_3_model.cif,ok,93.7,90.71,1.685,5.906,-4.221,inverse-agonist-like (low H12 local confidence override),1.79
out/c2/H3_C2_invago_4P1/seed_44/H3_C2_invago_4P1_seed_44_sample_4_model.cif,ok,90.0,77.83,2.476,5.001,-2.525,agonist-like,0.36
out/c2/H3_C2_invago_4P1/seed_44/H3_C2_invago_4P1_seed_44_sample_5_model.cif,ok,90.4,80.58,1.738,5.507,-3.769,inverse-agonist-like (low H12 local confidence override),0.1
out/c2/H3_C2_invago_4P1/seed_44/H3_C2_invago_4P1_seed_44_sample_6_model.cif,ok,93.4,89.83,1.463,5.774,-4.311,inverse-agonist-like (low H12 local confidence override),1.64
out/c2/H3_C2_invago_4P1/seed_44/H3_C2_invago_4P1_seed_44_sample_7_model.cif,ok,89.1,80.74,0.579,7.918,-7.339,inverse-agonist-like (low H12 local confidence override),0.12
out/c2/H3_C2_invago_4P1/seed_44/H3_C2_invago_4P1_seed_44_sample_8_model.cif,ok,90.2,80.25,1.722,5.553,-3.831,inverse-agonist-like (low H12 local confidence override),0.04
out/c2/H3_C2_invago_4P1/seed_44/H3_C2_invago_4P1_seed_44_sample_9_model.cif,ok,90.0,79.54,1.677,5.867,-4.189,agonist-like,0.08
out/c2/H3_C2_invago_4P1/seed_45/H3_C2_invago_4P1_seed_45_sample_10_model.cif,ok,93.5,90.03,1.501,6.012,-4.511,inverse-agonist-like (low H12 local confidence override),1.67
out/c2/H3_C2_invago_4P1/seed_45/H3_C2_invago_4P1_seed_45_sample_1_model.cif,ok,93.5,89.37,1.477,5.828,-4.351,inverse-agonist-like (low H12 local confidence override),1.56
out/c2/H3_C2_invago_4P1/seed_45/H3_C2_invago_4P1_seed_45_sample_2_model.cif,ok,90.3,79.61,2.351,5.128,-2.777,agonist-like,0.06
out/c2/H3_C2_invago_4P1/seed_45/H3_C2_invago_4P1_seed_45_sample_3_model.cif,ok,89.1,81.16,0.618,7.73,-7.111,inverse-agonist-like (low H12 local confidence override),0.19
out/c2/H3_C2_invago_4P1/seed_45/H3_C2_invago_4P1_seed_45_sample_4_model.cif,ok,93.1,89.11,1.668,5.449,-3.781,inverse-agonist-like (low H12 local confidence override),1.52
out/c2/H3_C2_invago_4P1/seed_45/H3_C2_invago_4P1_seed_45_sample_5_model.cif,ok,89.8,77.95,1.686,5.791,-4.104,agonist-like,0.34
out/c2/H3_C2_invago_4P1/seed_45/H3_C2_invago_4P1_seed_45_sample_6_model.cif,ok,91.3,82.4,1.751,5.631,-3.88,inverse-agonist-like (low H12 local confidence override),0.4
out/c2/H3_C2_invago_4P1/seed_45/H3_C2_invago_4P1_seed_45_sample_7_model.cif,ok,92.7,86.28,1.582,5.81,-4.228,inverse-agonist-like (low H12 local confidence override),1.05
out/c2/H3_C2_invago_4P1/seed_45/H3_C2_invago_4P1_seed_45_sample_8_model.cif,ok,90.3,79.22,1.998,5.539,-3.541,agonist-like,0.13
out/c2/H3_C2_invago_4P1/seed_45/H3_C2_invago_4P1_seed_45_sample_9_model.cif,ok,92.7,87.04,1.79,5.721,-3.931,inverse-agonist-like (low H12 local confidence override),1.17
out/c2/H3_C2_invago_4P1/seed_46/H3_C2_invago_4P1_seed_46_sample_10_model.cif,ok,89.6,77.93,1.812,5.628,-3.817,agonist-like,0.34
out/c2/H3_C2_invago_4P1/seed_46/H3_C2_invago_4P1_seed_46_sample_1_model.cif,ok,93.0,87.48,1.758,5.686,-3.927,inverse-agonist-like (low H12 local confidence override),1.25
out/c2/H3_C2_invago_4P1/seed_46/H3_C2_invago_4P1_seed_46_sample_2_model.cif,ok,90.5,80.32,1.843,5.58,-3.737,inverse-agonist-like (low H12 local confidence override),0.05
out/c2/H3_C2_invago_4P1/seed_46/H3_C2_invago_4P1_seed_46_sample_3_model.cif,ok,93.1,88.69,1.664,5.885,-4.221,inverse-agonist-like (low H12 local confidence override),1.45
out/c2/H3_C2_invago_4P1/seed_46/H3_C2_invago_4P1_seed_46_sample_4_model.cif,ok,90.7,80.61,1.628,5.755,-4.128,inverse-agonist-like (low H12 local confidence override),0.1
out/c2/H3_C2_invago_4P1/seed_46/H3_C2_invago_4P1_seed_46_sample_5_model.cif,ok,90.1,79.22,1.798,5.563,-3.765,agonist-like,0.13
out/c2/H3_C2_invago_4P1/seed_46/H3_C2_invago_4P1_seed_46_sample_6_model.cif,ok,92.8,88.24,1.279,5.825,-4.547,inverse-agonist-like (low H12 local confidence override),1.37
out/c2/H3_C2_invago_4P1/seed_46/H3_C2_invago_4P1_seed_46_sample_7_model.cif,ok,92.8,87.28,1.264,5.952,-4.689,inverse-agonist-like (low H12 local confidence override),1.21
out/c2/H3_C2_invago_4P1/seed_46/H3_C2_invago_4P1_seed_46_sample_8_model.cif,ok,90.1,78.8,1.781,5.848,-4.067,agonist-like,0.2
out/c2/H3_C2_invago_4P1/seed_46/H3_C2_invago_4P1_seed_46_sample_9_model.cif,ok,91.8,85.63,0.846,6.108,-5.262,inverse-agonist-like (low H12 local confidence override),0.94
out/c3/H3_C3_agonist_BIO592/seed_42/H3_C3_agonist_BIO592_seed_42_sample_10_model.cif,ok,88.0,75.14,0.686,7.735,-7.049,agonist-like,0.81
out/c3/H3_C3_agonist_BIO592/seed_42/H3_C3_agonist_BIO592_seed_42_sample_1_model.cif,ok,89.5,75.65,1.604,5.598,-3.994,agonist-like,0.73
out/c3/H3_C3_agonist_BIO592/seed_42/H3_C3_agonist_BIO592_seed_42_sample_2_model.cif,ok,88.4,76.62,0.578,7.63,-7.052,agonist-like,0.56
out/c3/H3_C3_agonist_BIO592/seed_42/H3_C3_agonist_BIO592_seed_42_sample_3_model.cif,ok,90.2,79.72,1.415,5.926,-4.511,agonist-like,0.05
out/c3/H3_C3_agonist_BIO592/seed_42/H3_C3_agonist_BIO592_seed_42_sample_4_model.cif,ok,88.2,76.16,0.663,7.911,-7.248,agonist-like,0.64
out/c3/H3_C3_agonist_BIO592/seed_42/H3_C3_agonist_BIO592_seed_42_sample_5_model.cif,ok,90.1,77.16,1.57,5.585,-4.015,agonist-like,0.47
out/c3/H3_C3_agonist_BIO592/seed_42/H3_C3_agonist_BIO592_seed_42_sample_6_model.cif,ok,87.9,75.19,0.638,7.89,-7.252,agonist-like,0.8
out/c3/H3_C3_agonist_BIO592/seed_42/H3_C3_agonist_BIO592_seed_42_sample_7_model.cif,ok,88.3,76.16,0.665,7.528,-6.864,agonist-like,0.64
out/c3/H3_C3_agonist_BIO592/seed_42/H3_C3_agonist_BIO592_seed_42_sample_8_model.cif,ok,87.8,75.3,0.554,7.74,-7.185,agonist-like,0.78
out/c3/H3_C3_agonist_BIO592/seed_42/H3_C3_agonist_BIO592_seed_42_sample_9_model.cif,ok,90.6,80.47,1.717,5.56,-3.844,inverse-agonist-like (low H12 local confidence override),0.08
out/c3/H3_C3_agonist_BIO592/seed_43/H3_C3_agonist_BIO592_seed_43_sample_10_model.cif,ok,90.1,78.81,1.729,5.46,-3.73,agonist-like,0.2
out/c3/H3_C3_agonist_BIO592/seed_43/H3_C3_agonist_BIO592_seed_43_sample_1_model.cif,ok,88.2,76.42,0.649,7.947,-7.298,agonist-like,0.6
out/c3/H3_C3_agonist_BIO592/seed_43/H3_C3_agonist_BIO592_seed_43_sample_2_model.cif,ok,88.3,76.49,0.542,7.541,-6.999,agonist-like,0.59
out/c3/H3_C3_agonist_BIO592/seed_43/H3_C3_agonist_BIO592_seed_43_sample_3_model.cif,ok,91.3,82.95,1.183,5.985,-4.801,inverse-agonist-like (low H12 local confidence override),0.49
out/c3/H3_C3_agonist_BIO592/seed_43/H3_C3_agonist_BIO592_seed_43_sample_4_model.cif,ok,88.6,77.51,0.697,7.982,-7.285,agonist-like,0.41
out/c3/H3_C3_agonist_BIO592/seed_43/H3_C3_agonist_BIO592_seed_43_sample_5_model.cif,ok,91.0,82.53,1.055,5.969,-4.913,inverse-agonist-like (low H12 local confidence override),0.42
out/c3/H3_C3_agonist_BIO592/seed_43/H3_C3_agonist_BIO592_seed_43_sample_6_model.cif,ok,90.7,80.52,1.734,5.766,-4.032,inverse-agonist-like (low H12 local confidence override),0.09
out/c3/H3_C3_agonist_BIO592/seed_43/H3_C3_agonist_BIO592_seed_43_sample_7_model.cif,ok,88.3,76.18,0.657,7.842,-7.185,agonist-like,0.64
out/c3/H3_C3_agonist_BIO592/seed_43/H3_C3_agonist_BIO592_seed_43_sample_8_model.cif,ok,88.2,77.1,0.528,7.635,-7.107,agonist-like,0.48
out/c3/H3_C3_agonist_BIO592/seed_43/H3_C3_agonist_BIO592_seed_43_sample_9_model.cif,ok,88.2,76.26,0.65,7.794,-7.145,agonist-like,0.62
out/c3/H3_C3_agonist_BIO592/seed_44/H3_C3_agonist_BIO592_seed_44_sample_10_model.cif,ok,88.0,75.84,0.545,7.624,-7.079,agonist-like,0.69
out/c3/H3_C3_agonist_BIO592/seed_44/H3_C3_agonist_BIO592_seed_44_sample_1_model.cif,ok,88.2,76.85,0.489,7.731,-7.242,agonist-like,0.53
out/c3/H3_C3_agonist_BIO592/seed_44/H3_C3_agonist_BIO592_seed_44_sample_2_model.cif,ok,88.3,77.39,0.765,7.711,-6.946,agonist-like,0.43
out/c3/H3_C3_agonist_BIO592/seed_44/H3_C3_agonist_BIO592_seed_44_sample_3_model.cif,ok,88.2,76.73,0.572,7.704,-7.132,agonist-like,0.55
out/c3/H3_C3_agonist_BIO592/seed_44/H3_C3_agonist_BIO592_seed_44_sample_4_model.cif,ok,88.1,75.64,0.568,7.722,-7.154,agonist-like,0.73
out/c3/H3_C3_agonist_BIO592/seed_44/H3_C3_agonist_BIO592_seed_44_sample_5_model.cif,ok,88.1,76.29,0.587,7.826,-7.239,agonist-like,0.62
out/c3/H3_C3_agonist_BIO592/seed_44/H3_C3_agonist_BIO592_seed_44_sample_6_model.cif,ok,88.1,76.78,0.671,7.891,-7.22,agonist-like,0.54
out/c3/H3_C3_agonist_BIO592/seed_44/H3_C3_agonist_BIO592_seed_44_sample_7_model.cif,ok,88.7,77.34,0.645,7.886,-7.24,agonist-like,0.44
out/c3/H3_C3_agonist_BIO592/seed_44/H3_C3_agonist_BIO592_seed_44_sample_8_model.cif,ok,88.2,76.42,0.609,7.759,-7.149,agonist-like,0.6
out/c3/H3_C3_agonist_BIO592/seed_44/H3_C3_agonist_BIO592_seed_44_sample_9_model.cif,ok,88.0,76.09,0.726,7.824,-7.098,agonist-like,0.65
out/c3/H3_C3_agonist_BIO592/seed_45/H3_C3_agonist_BIO592_seed_45_sample_10_model.cif,ok,89.4,76.55,1.667,5.763,-4.095,agonist-like,0.57
out/c3/H3_C3_agonist_BIO592/seed_45/H3_C3_agonist_BIO592_seed_45_sample_1_model.cif,ok,90.3,79.83,1.651,5.728,-4.076,agonist-like,0.03
out/c3/H3_C3_agonist_BIO592/seed_45/H3_C3_agonist_BIO592_seed_45_sample_2_model.cif,ok,90.8,80.58,2.289,5.303,-3.014,inverse-agonist-like (low H12 local confidence override),0.1
out/c3/H3_C3_agonist_BIO592/seed_45/H3_C3_agonist_BIO592_seed_45_sample_3_model.cif,ok,90.1,79.72,2.107,4.848,-2.741,agonist-like,0.05
out/c3/H3_C3_agonist_BIO592/seed_45/H3_C3_agonist_BIO592_seed_45_sample_4_model.cif,ok,90.2,79.11,1.879,5.556,-3.677,agonist-like,0.15
out/c3/H3_C3_agonist_BIO592/seed_45/H3_C3_agonist_BIO592_seed_45_sample_5_model.cif,ok,90.6,80.86,1.381,5.749,-4.368,inverse-agonist-like (low H12 local confidence override),0.14
out/c3/H3_C3_agonist_BIO592/seed_45/H3_C3_agonist_BIO592_seed_45_sample_6_model.cif,ok,89.7,77.82,1.609,5.613,-4.005,agonist-like,0.36
out/c3/H3_C3_agonist_BIO592/seed_45/H3_C3_agonist_BIO592_seed_45_sample_7_model.cif,ok,90.4,78.17,1.874,5.512,-3.639,agonist-like,0.31
out/c3/H3_C3_agonist_BIO592/seed_45/H3_C3_agonist_BIO592_seed_45_sample_8_model.cif,ok,89.6,76.05,1.659,5.545,-3.885,agonist-like,0.66
out/c3/H3_C3_agonist_BIO592/seed_45/H3_C3_agonist_BIO592_seed_45_sample_9_model.cif,ok,89.6,77.4,2.4,4.76,-2.36,agonist-like,0.43
out/c3/H3_C3_agonist_BIO592/seed_46/H3_C3_agonist_BIO592_seed_46_sample_10_model.cif,ok,90.0,78.58,1.612,5.639,-4.026,agonist-like,0.24
out/c3/H3_C3_agonist_BIO592/seed_46/H3_C3_agonist_BIO592_seed_46_sample_1_model.cif,ok,88.3,74.39,0.568,7.691,-7.123,agonist-like,0.94
out/c3/H3_C3_agonist_BIO592/seed_46/H3_C3_agonist_BIO592_seed_46_sample_2_model.cif,ok,87.9,73.81,0.704,7.784,-7.08,agonist-like,1.03
out/c3/H3_C3_agonist_BIO592/seed_46/H3_C3_agonist_BIO592_seed_46_sample_3_model.cif,ok,87.7,72.93,0.507,7.726,-7.219,agonist-like,1.18
out/c3/H3_C3_agonist_BIO592/seed_46/H3_C3_agonist_BIO592_seed_46_sample_4_model.cif,ok,88.2,75.4,0.676,7.893,-7.217,agonist-like,0.77
out/c3/H3_C3_agonist_BIO592/seed_46/H3_C3_agonist_BIO592_seed_46_sample_5_model.cif,ok,88.2,74.33,0.576,7.801,-7.224,agonist-like,0.94
out/c3/H3_C3_agonist_BIO592/seed_46/H3_C3_agonist_BIO592_seed_46_sample_6_model.cif,ok,89.0,73.26,1.827,5.844,-4.018,agonist-like,1.12
out/c3/H3_C3_agonist_BIO592/seed_46/H3_C3_agonist_BIO592_seed_46_sample_7_model.cif,ok,87.9,74.15,0.63,7.817,-7.188,agonist-like,0.98
out/c3/H3_C3_agonist_BIO592/seed_46/H3_C3_agonist_BIO592_seed_46_sample_8_model.cif,ok,88.0,74.78,0.52,7.793,-7.272,agonist-like,0.87
out/c3/H3_C3_agonist_BIO592/seed_46/H3_C3_agonist_BIO592_seed_46_sample_9_model.cif,ok,88.2,74.37,0.743,7.913,-7.17,agonist-like,0.94
out/c4/H3_C4_invago_6EW_BIO399/seed_42/H3_C4_invago_6EW_BIO399_seed_42_sample_10_model.cif,ok,88.1,75.22,0.887,7.979,-7.092,agonist-like,0.8
out/c4/H3_C4_invago_6EW_BIO399/seed_42/H3_C4_invago_6EW_BIO399_seed_42_sample_1_model.cif,ok,90.6,80.81,1.644,5.55,-3.905,inverse-agonist-like (low H12 local confidence override),0.14
out/c4/H3_C4_invago_6EW_BIO399/seed_42/H3_C4_invago_6EW_BIO399_seed_42_sample_2_model.cif,ok,88.7,76.77,0.554,7.601,-7.047,agonist-like,0.54
out/c4/H3_C4_invago_6EW_BIO399/seed_42/H3_C4_invago_6EW_BIO399_seed_42_sample_3_model.cif,ok,88.2,75.95,0.682,7.59,-6.908,agonist-like,0.67
out/c4/H3_C4_invago_6EW_BIO399/seed_42/H3_C4_invago_6EW_BIO399_seed_42_sample_4_model.cif,ok,88.6,76.44,0.593,7.784,-7.191,agonist-like,0.59
out/c4/H3_C4_invago_6EW_BIO399/seed_42/H3_C4_invago_6EW_BIO399_seed_42_sample_5_model.cif,ok,91.2,82.83,1.524,5.427,-3.902,inverse-agonist-like (low H12 local confidence override),0.47
out/c4/H3_C4_invago_6EW_BIO399/seed_42/H3_C4_invago_6EW_BIO399_seed_42_sample_6_model.cif,ok,90.6,80.78,1.549,5.923,-4.374,inverse-agonist-like (low H12 local confidence override),0.13
out/c4/H3_C4_invago_6EW_BIO399/seed_42/H3_C4_invago_6EW_BIO399_seed_42_sample_7_model.cif,ok,88.2,75.98,0.643,7.604,-6.96,agonist-like,0.67
out/c4/H3_C4_invago_6EW_BIO399/seed_42/H3_C4_invago_6EW_BIO399_seed_42_sample_8_model.cif,ok,92.3,87.31,1.061,6.162,-5.101,inverse-agonist-like (low H12 local confidence override),1.22
out/c4/H3_C4_invago_6EW_BIO399/seed_42/H3_C4_invago_6EW_BIO399_seed_42_sample_9_model.cif,ok,88.1,75.57,0.712,7.833,-7.121,agonist-like,0.74
out/c4/H3_C4_invago_6EW_BIO399/seed_43/H3_C4_invago_6EW_BIO399_seed_43_sample_10_model.cif,ok,88.8,77.0,0.659,7.638,-6.979,agonist-like,0.5
out/c4/H3_C4_invago_6EW_BIO399/seed_43/H3_C4_invago_6EW_BIO399_seed_43_sample_1_model.cif,ok,87.1,73.41,0.711,7.976,-7.265,agonist-like,1.1
out/c4/H3_C4_invago_6EW_BIO399/seed_43/H3_C4_invago_6EW_BIO399_seed_43_sample_2_model.cif,ok,88.3,76.17,0.656,7.564,-6.908,agonist-like,0.64
out/c4/H3_C4_invago_6EW_BIO399/seed_43/H3_C4_invago_6EW_BIO399_seed_43_sample_3_model.cif,ok,88.3,76.3,0.66,7.946,-7.286,agonist-like,0.62
out/c4/H3_C4_invago_6EW_BIO399/seed_43/H3_C4_invago_6EW_BIO399_seed_43_sample_4_model.cif,ok,88.4,76.54,0.763,7.972,-7.209,agonist-like,0.58
out/c4/H3_C4_invago_6EW_BIO399/seed_43/H3_C4_invago_6EW_BIO399_seed_43_sample_5_model.cif,ok,88.2,75.54,0.708,7.894,-7.186,agonist-like,0.74
out/c4/H3_C4_invago_6EW_BIO399/seed_43/H3_C4_invago_6EW_BIO399_seed_43_sample_6_model.cif,ok,88.7,76.58,0.581,7.818,-7.237,agonist-like,0.57
out/c4/H3_C4_invago_6EW_BIO399/seed_43/H3_C4_invago_6EW_BIO399_seed_43_sample_7_model.cif,ok,88.6,77.05,0.634,7.841,-7.207,agonist-like,0.49
out/c4/H3_C4_invago_6EW_BIO399/seed_43/H3_C4_invago_6EW_BIO399_seed_43_sample_8_model.cif,ok,88.4,76.61,0.696,7.867,-7.171,agonist-like,0.57
out/c4/H3_C4_invago_6EW_BIO399/seed_43/H3_C4_invago_6EW_BIO399_seed_43_sample_9_model.cif,ok,87.8,74.75,0.604,7.772,-7.168,agonist-like,0.87
out/c4/H3_C4_invago_6EW_BIO399/seed_44/H3_C4_invago_6EW_BIO399_seed_44_sample_10_model.cif,ok,87.7,74.82,0.595,7.711,-7.116,agonist-like,0.86
out/c4/H3_C4_invago_6EW_BIO399/seed_44/H3_C4_invago_6EW_BIO399_seed_44_sample_1_model.cif,ok,88.1,77.11,0.519,7.705,-7.186,agonist-like,0.48
out/c4/H3_C4_invago_6EW_BIO399/seed_44/H3_C4_invago_6EW_BIO399_seed_44_sample_2_model.cif,ok,88.2,76.65,0.681,7.563,-6.882,agonist-like,0.56
out/c4/H3_C4_invago_6EW_BIO399/seed_44/H3_C4_invago_6EW_BIO399_seed_44_sample_3_model.cif,ok,88.2,76.37,0.632,7.767,-7.135,agonist-like,0.6
out/c4/H3_C4_invago_6EW_BIO399/seed_44/H3_C4_invago_6EW_BIO399_seed_44_sample_4_model.cif,ok,88.2,76.43,0.655,7.794,-7.139,agonist-like,0.59
out/c4/H3_C4_invago_6EW_BIO399/seed_44/H3_C4_invago_6EW_BIO399_seed_44_sample_5_model.cif,ok,88.2,76.93,0.64,7.621,-6.981,agonist-like,0.51
out/c4/H3_C4_invago_6EW_BIO399/seed_44/H3_C4_invago_6EW_BIO399_seed_44_sample_6_model.cif,ok,88.3,76.56,0.68,7.58,-6.9,agonist-like,0.57
out/c4/H3_C4_invago_6EW_BIO399/seed_44/H3_C4_invago_6EW_BIO399_seed_44_sample_7_model.cif,ok,88.1,76.35,0.636,7.898,-7.262,agonist-like,0.61
out/c4/H3_C4_invago_6EW_BIO399/seed_44/H3_C4_invago_6EW_BIO399_seed_44_sample_8_model.cif,ok,87.3,75.02,0.502,7.681,-7.18,agonist-like,0.83
out/c4/H3_C4_invago_6EW_BIO399/seed_44/H3_C4_invago_6EW_BIO399_seed_44_sample_9_model.cif,ok,88.2,76.54,0.749,7.735,-6.986,agonist-like,0.58
out/c4/H3_C4_invago_6EW_BIO399/seed_45/H3_C4_invago_6EW_BIO399_seed_45_sample_10_model.cif,ok,88.1,74.16,0.575,7.592,-7.017,agonist-like,0.97
out/c4/H3_C4_invago_6EW_BIO399/seed_45/H3_C4_invago_6EW_BIO399_seed_45_sample_1_model.cif,ok,90.8,81.11,1.605,5.658,-4.053,inverse-agonist-like (low H12 local confidence override),0.19
out/c4/H3_C4_invago_6EW_BIO399/seed_45/H3_C4_invago_6EW_BIO399_seed_45_sample_2_model.cif,ok,90.9,80.22,2.09,5.063,-2.973,inverse-agonist-like (low H12 local confidence override),0.04
out/c4/H3_C4_invago_6EW_BIO399/seed_45/H3_C4_invago_6EW_BIO399_seed_45_sample_3_model.cif,ok,90.4,79.98,2.104,5.317,-3.212,agonist-like,0.0
out/c4/H3_C4_invago_6EW_BIO399/seed_45/H3_C4_invago_6EW_BIO399_seed_45_sample_4_model.cif,ok,90.3,79.88,2.169,5.45,-3.281,agonist-like,0.02
out/c4/H3_C4_invago_6EW_BIO399/seed_45/H3_C4_invago_6EW_BIO399_seed_45_sample_5_model.cif,ok,91.1,82.52,1.384,5.701,-4.317,inverse-agonist-like (low H12 local confidence override),0.42
out/c4/H3_C4_invago_6EW_BIO399/seed_45/H3_C4_invago_6EW_BIO399_seed_45_sample_6_model.cif,ok,90.8,81.45,1.794,5.386,-3.592,inverse-agonist-like (low H12 local confidence override),0.24
out/c4/H3_C4_invago_6EW_BIO399/seed_45/H3_C4_invago_6EW_BIO399_seed_45_sample_7_model.cif,ok,88.4,74.96,0.658,7.73,-7.071,agonist-like,0.84
out/c4/H3_C4_invago_6EW_BIO399/seed_45/H3_C4_invago_6EW_BIO399_seed_45_sample_8_model.cif,ok,90.9,81.22,1.653,5.663,-4.01,inverse-agonist-like (low H12 local confidence override),0.2
out/c4/H3_C4_invago_6EW_BIO399/seed_45/H3_C4_invago_6EW_BIO399_seed_45_sample_9_model.cif,ok,90.9,81.42,1.676,5.6,-3.923,inverse-agonist-like (low H12 local confidence override),0.24
out/c4/H3_C4_invago_6EW_BIO399/seed_46/H3_C4_invago_6EW_BIO399_seed_46_sample_10_model.cif,ok,90.2,78.66,2.089,5.342,-3.253,agonist-like,0.22
out/c4/H3_C4_invago_6EW_BIO399/seed_46/H3_C4_invago_6EW_BIO399_seed_46_sample_1_model.cif,ok,88.5,75.12,0.595,7.679,-7.083,agonist-like,0.81
out/c4/H3_C4_invago_6EW_BIO399/seed_46/H3_C4_invago_6EW_BIO399_seed_46_sample_2_model.cif,ok,87.1,72.16,0.65,7.661,-7.011,agonist-like,1.31
out/c4/H3_C4_invago_6EW_BIO399/seed_46/H3_C4_invago_6EW_BIO399_seed_46_sample_3_model.cif,ok,91.2,81.6,1.441,5.548,-4.106,inverse-agonist-like (low H12 local confidence override),0.27
out/c4/H3_C4_invago_6EW_BIO399/seed_46/H3_C4_invago_6EW_BIO399_seed_46_sample_4_model.cif,ok,88.2,75.96,0.717,7.848,-7.131,agonist-like,0.67
out/c4/H3_C4_invago_6EW_BIO399/seed_46/H3_C4_invago_6EW_BIO399_seed_46_sample_5_model.cif,ok,88.2,75.6,0.699,7.83,-7.132,agonist-like,0.73
out/c4/H3_C4_invago_6EW_BIO399/seed_46/H3_C4_invago_6EW_BIO399_seed_46_sample_6_model.cif,ok,88.5,76.12,0.46,7.782,-7.323,agonist-like,0.65
out/c4/H3_C4_invago_6EW_BIO399/seed_46/H3_C4_invago_6EW_BIO399_seed_46_sample_7_model.cif,ok,91.4,83.85,1.373,5.99,-4.617,inverse-agonist-like (low H12 local confidence override),0.64
out/c4/H3_C4_invago_6EW_BIO399/seed_46/H3_C4_invago_6EW_BIO399_seed_46_sample_8_model.cif,ok,88.3,76.12,0.573,7.88,-7.307,agonist-like,0.65
out/c4/H3_C4_invago_6EW_BIO399/seed_46/H3_C4_invago_6EW_BIO399_seed_46_sample_9_model.cif,ok,88.2,75.46,0.683,7.772,-7.089,agonist-like,0.76
out/c5/H3_C5_invago_99N/seed_42/H3_C5_invago_99N_seed_42_sample_10_model.cif,ok,87.4,67.96,2.459,5.025,-2.566,agonist-like,2.01
out/c5/H3_C5_invago_99N/seed_42/H3_C5_invago_99N_seed_42_sample_1_model.cif,ok,87.5,67.06,1.017,6.15,-5.133,agonist-like,2.16
out/c5/H3_C5_invago_99N/seed_42/H3_C5_invago_99N_seed_42_sample_2_model.cif,ok,87.9,68.28,2.326,4.958,-2.632,agonist-like,1.95
out/c5/H3_C5_invago_99N/seed_42/H3_C5_invago_99N_seed_42_sample_3_model.cif,ok,86.5,61.85,2.537,5.131,-2.594,agonist-like,3.02
out/c5/H3_C5_invago_99N/seed_42/H3_C5_invago_99N_seed_42_sample_4_model.cif,ok,87.5,66.08,1.212,6.641,-5.429,agonist-like,2.32
out/c5/H3_C5_invago_99N/seed_42/H3_C5_invago_99N_seed_42_sample_5_model.cif,ok,86.8,62.27,1.211,5.865,-4.655,agonist-like,2.95
out/c5/H3_C5_invago_99N/seed_42/H3_C5_invago_99N_seed_42_sample_6_model.cif,ok,86.6,60.71,1.565,6.248,-4.683,agonist-like,3.21
out/c5/H3_C5_invago_99N/seed_42/H3_C5_invago_99N_seed_42_sample_7_model.cif,ok,87.4,66.42,2.48,4.982,-2.502,agonist-like,2.26
out/c5/H3_C5_invago_99N/seed_42/H3_C5_invago_99N_seed_42_sample_8_model.cif,ok,88.2,65.93,1.255,5.927,-4.671,agonist-like,2.34
out/c5/H3_C5_invago_99N/seed_42/H3_C5_invago_99N_seed_42_sample_9_model.cif,ok,86.9,61.33,1.861,5.629,-3.769,agonist-like,3.11
out/c5/H3_C5_invago_99N/seed_43/H3_C5_invago_99N_seed_43_sample_10_model.cif,ok,86.1,60.52,0.882,6.014,-5.132,agonist-like,3.25
out/c5/H3_C5_invago_99N/seed_43/H3_C5_invago_99N_seed_43_sample_1_model.cif,ok,87.8,68.57,3.789,3.797,-0.007,agonist-like,1.9
out/c5/H3_C5_invago_99N/seed_43/H3_C5_invago_99N_seed_43_sample_2_model.cif,ok,88.1,69.31,1.29,5.824,-4.534,agonist-like,1.78
out/c5/H3_C5_invago_99N/seed_43/H3_C5_invago_99N_seed_43_sample_3_model.cif,ok,87.3,67.45,0.996,6.471,-5.475,agonist-like,2.09
out/c5/H3_C5_invago_99N/seed_43/H3_C5_invago_99N_seed_43_sample_4_model.cif,ok,86.9,61.67,0.628,6.531,-5.903,agonist-like,3.05
out/c5/H3_C5_invago_99N/seed_43/H3_C5_invago_99N_seed_43_sample_5_model.cif,ok,87.5,67.37,1.285,6.384,-5.099,agonist-like,2.11
out/c5/H3_C5_invago_99N/seed_43/H3_C5_invago_99N_seed_43_sample_6_model.cif,ok,85.8,57.46,0.812,6.152,-5.34,agonist-like,3.76
out/c5/H3_C5_invago_99N/seed_43/H3_C5_invago_99N_seed_43_sample_7_model.cif,ok,86.7,62.26,1.145,5.881,-4.736,agonist-like,2.96
out/c5/H3_C5_invago_99N/seed_43/H3_C5_invago_99N_seed_43_sample_8_model.cif,ok,87.0,64.33,0.366,6.287,-5.921,agonist-like,2.61
out/c5/H3_C5_invago_99N/seed_43/H3_C5_invago_99N_seed_43_sample_9_model.cif,ok,86.2,61.61,0.578,6.537,-5.959,agonist-like,3.06
out/c5/H3_C5_invago_99N/seed_44/H3_C5_invago_99N_seed_44_sample_10_model.cif,ok,86.7,62.14,1.109,6.188,-5.08,agonist-like,2.98
out/c5/H3_C5_invago_99N/seed_44/H3_C5_invago_99N_seed_44_sample_1_model.cif,ok,86.1,58.98,0.938,6.401,-5.463,agonist-like,3.5
out/c5/H3_C5_invago_99N/seed_44/H3_C5_invago_99N_seed_44_sample_2_model.cif,ok,86.5,61.86,1.158,5.996,-4.838,agonist-like,3.02
out/c5/H3_C5_invago_99N/seed_44/H3_C5_invago_99N_seed_44_sample_3_model.cif,ok,86.0,57.04,1.367,5.615,-4.248,agonist-like,3.83
out/c5/H3_C5_invago_99N/seed_44/H3_C5_invago_99N_seed_44_sample_4_model.cif,ok,86.6,63.68,2.171,5.142,-2.971,agonist-like,2.72
out/c5/H3_C5_invago_99N/seed_44/H3_C5_invago_99N_seed_44_sample_5_model.cif,ok,85.6,55.72,0.743,6.176,-5.434,agonist-like,4.05
out/c5/H3_C5_invago_99N/seed_44/H3_C5_invago_99N_seed_44_sample_6_model.cif,ok,86.4,60.1,1.011,5.988,-4.977,agonist-like,3.32
out/c5/H3_C5_invago_99N/seed_44/H3_C5_invago_99N_seed_44_sample_7_model.cif,ok,86.4,59.42,0.946,6.017,-5.071,agonist-like,3.43
out/c5/H3_C5_invago_99N/seed_44/H3_C5_invago_99N_seed_44_sample_8_model.cif,ok,86.1,59.26,0.537,6.603,-6.066,agonist-like,3.46
out/c5/H3_C5_invago_99N/seed_44/H3_C5_invago_99N_seed_44_sample_9_model.cif,ok,85.2,55.79,0.987,5.975,-4.988,agonist-like,4.04
out/c5/H3_C5_invago_99N/seed_45/H3_C5_invago_99N_seed_45_sample_10_model.cif,ok,86.3,57.72,0.929,6.039,-5.11,agonist-like,3.71
out/c5/H3_C5_invago_99N/seed_45/H3_C5_invago_99N_seed_45_sample_1_model.cif,ok,86.8,64.17,2.23,5.188,-2.958,agonist-like,2.64
out/c5/H3_C5_invago_99N/seed_45/H3_C5_invago_99N_seed_45_sample_2_model.cif,ok,88.3,71.41,3.774,4.013,-0.239,agonist-like,1.43
out/c5/H3_C5_invago_99N/seed_45/H3_C5_invago_99N_seed_45_sample_3_model.cif,ok,86.2,60.55,1.191,5.872,-4.68,agonist-like,3.24
out/c5/H3_C5_invago_99N/seed_45/H3_C5_invago_99N_seed_45_sample_4_model.cif,ok,86.7,62.39,1.515,6.161,-4.647,agonist-like,2.94
out/c5/H3_C5_invago_99N/seed_45/H3_C5_invago_99N_seed_45_sample_5_model.cif,ok,85.6,56.62,0.837,6.168,-5.331,agonist-like,3.9
out/c5/H3_C5_invago_99N/seed_45/H3_C5_invago_99N_seed_45_sample_6_model.cif,ok,87.4,66.78,2.685,4.87,-2.186,agonist-like,2.2
out/c5/H3_C5_invago_99N/seed_45/H3_C5_invago_99N_seed_45_sample_7_model.cif,ok,87.1,66.29,2.573,4.589,-2.016,agonist-like,2.28
out/c5/H3_C5_invago_99N/seed_45/H3_C5_invago_99N_seed_45_sample_8_model.cif,ok,86.9,61.95,1.164,6.103,-4.939,agonist-like,3.01
out/c5/H3_C5_invago_99N/seed_45/H3_C5_invago_99N_seed_45_sample_9_model.cif,ok,87.1,66.05,1.362,5.87,-4.508,agonist-like,2.33
out/c5/H3_C5_invago_99N/seed_46/H3_C5_invago_99N_seed_46_sample_10_model.cif,ok,86.6,64.17,1.245,6.267,-5.022,agonist-like,2.64
out/c5/H3_C5_invago_99N/seed_46/H3_C5_invago_99N_seed_46_sample_1_model.cif,ok,86.7,65.73,3.001,4.51,-1.509,agonist-like,2.38
out/c5/H3_C5_invago_99N/seed_46/H3_C5_invago_99N_seed_46_sample_2_model.cif,ok,86.7,63.35,1.072,5.957,-4.885,agonist-like,2.78
out/c5/H3_C5_invago_99N/seed_46/H3_C5_invago_99N_seed_46_sample_3_model.cif,ok,87.1,66.31,3.535,4.195,-0.661,agonist-like,2.28
out/c5/H3_C5_invago_99N/seed_46/H3_C5_invago_99N_seed_46_sample_4_model.cif,ok,87.0,65.05,0.905,6.802,-5.897,agonist-like,2.49
out/c5/H3_C5_invago_99N/seed_46/H3_C5_invago_99N_seed_46_sample_5_model.cif,ok,86.8,65.61,2.207,5.091,-2.884,agonist-like,2.4
out/c5/H3_C5_invago_99N/seed_46/H3_C5_invago_99N_seed_46_sample_6_model.cif,ok,87.5,66.72,2.839,4.711,-1.872,agonist-like,2.21
out/c5/H3_C5_invago_99N/seed_46/H3_C5_invago_99N_seed_46_sample_7_model.cif,ok,87.0,66.84,2.498,4.892,-2.394,agonist-like,2.19
out/c5/H3_C5_invago_99N/seed_46/H3_C5_invago_99N_seed_46_sample_8_model.cif,ok,86.6,65.21,2.333,5.116,-2.783,agonist-like,2.47
out/c5/H3_C5_invago_99N/seed_46/H3_C5_invago_99N_seed_46_sample_9_model.cif,ok,86.2,61.82,0.802,6.224,-5.422,agonist-like,3.03
out/c6/H3_C6_invago_4P3/seed_42/H3_C6_invago_4P3_seed_42_sample_10_model.cif,ok,89.7,81.14,0.663,7.826,-7.164,inverse-agonist-like (low H12 local confidence override),0.19
out/c6/H3_C6_invago_4P3/seed_42/H3_C6_invago_4P3_seed_42_sample_1_model.cif,ok,89.8,82.24,0.572,7.594,-7.021,inverse-agonist-like (low H12 local confidence override),0.37
out/c6/H3_C6_invago_4P3/seed_42/H3_C6_invago_4P3_seed_42_sample_2_model.cif,ok,90.3,82.96,0.541,7.57,-7.028,inverse-agonist-like (low H12 local confidence override),0.49
out/c6/H3_C6_invago_4P3/seed_42/H3_C6_invago_4P3_seed_42_sample_3_model.cif,ok,89.5,80.86,0.578,7.485,-6.907,inverse-agonist-like (low H12 local confidence override),0.14
out/c6/H3_C6_invago_4P3/seed_42/H3_C6_invago_4P3_seed_42_sample_4_model.cif,ok,89.6,81.5,0.553,7.759,-7.206,inverse-agonist-like (low H12 local confidence override),0.25
out/c6/H3_C6_invago_4P3/seed_42/H3_C6_invago_4P3_seed_42_sample_5_model.cif,ok,90.8,81.59,1.567,5.607,-4.04,inverse-agonist-like (low H12 local confidence override),0.27
out/c6/H3_C6_invago_4P3/seed_42/H3_C6_invago_4P3_seed_42_sample_6_model.cif,ok,90.5,79.34,1.889,5.938,-4.049,agonist-like,0.11
out/c6/H3_C6_invago_4P3/seed_42/H3_C6_invago_4P3_seed_42_sample_7_model.cif,ok,90.7,80.69,1.825,5.481,-3.656,inverse-agonist-like (low H12 local confidence override),0.11
out/c6/H3_C6_invago_4P3/seed_42/H3_C6_invago_4P3_seed_42_sample_8_model.cif,ok,89.9,81.87,0.514,7.606,-7.092,inverse-agonist-like (low H12 local confidence override),0.31
out/c6/H3_C6_invago_4P3/seed_42/H3_C6_invago_4P3_seed_42_sample_9_model.cif,ok,90.6,80.13,2.027,5.429,-3.402,inverse-agonist-like (low H12 local confidence override),0.02
out/c6/H3_C6_invago_4P3/seed_43/H3_C6_invago_4P3_seed_43_sample_10_model.cif,ok,91.1,82.79,1.791,5.447,-3.656,inverse-agonist-like (low H12 local confidence override),0.47
out/c6/H3_C6_invago_4P3/seed_43/H3_C6_invago_4P3_seed_43_sample_1_model.cif,ok,90.0,82.58,0.596,7.889,-7.293,inverse-agonist-like (low H12 local confidence override),0.43
out/c6/H3_C6_invago_4P3/seed_43/H3_C6_invago_4P3_seed_43_sample_2_model.cif,ok,91.7,85.13,1.747,5.515,-3.769,inverse-agonist-like (low H12 local confidence override),0.86
out/c6/H3_C6_invago_4P3/seed_43/H3_C6_invago_4P3_seed_43_sample_3_model.cif,ok,91.1,83.01,1.5,6.023,-4.523,inverse-agonist-like (low H12 local confidence override),0.5
out/c6/H3_C6_invago_4P3/seed_43/H3_C6_invago_4P3_seed_43_sample_4_model.cif,ok,90.9,81.63,1.791,5.843,-4.051,inverse-agonist-like (low H12 local confidence override),0.27
out/c6/H3_C6_invago_4P3/seed_43/H3_C6_invago_4P3_seed_43_sample_5_model.cif,ok,91.3,82.78,1.535,5.9,-4.365,inverse-agonist-like (low H12 local confidence override),0.46
out/c6/H3_C6_invago_4P3/seed_43/H3_C6_invago_4P3_seed_43_sample_6_model.cif,ok,90.0,82.73,0.581,7.75,-7.169,inverse-agonist-like (low H12 local confidence override),0.45
out/c6/H3_C6_invago_4P3/seed_43/H3_C6_invago_4P3_seed_43_sample_7_model.cif,ok,90.1,83.08,0.546,7.776,-7.23,inverse-agonist-like (low H12 local confidence override),0.51
out/c6/H3_C6_invago_4P3/seed_43/H3_C6_invago_4P3_seed_43_sample_8_model.cif,ok,90.5,83.86,0.529,7.661,-7.132,inverse-agonist-like (low H12 local confidence override),0.64
out/c6/H3_C6_invago_4P3/seed_43/H3_C6_invago_4P3_seed_43_sample_9_model.cif,ok,90.1,82.73,0.555,7.648,-7.093,inverse-agonist-like (low H12 local confidence override),0.46
out/c6/H3_C6_invago_4P3/seed_44/H3_C6_invago_4P3_seed_44_sample_10_model.cif,ok,90.0,83.23,0.628,7.747,-7.118,inverse-agonist-like (low H12 local confidence override),0.54
out/c6/H3_C6_invago_4P3/seed_44/H3_C6_invago_4P3_seed_44_sample_1_model.cif,ok,89.9,83.05,0.434,7.662,-7.228,inverse-agonist-like (low H12 local confidence override),0.51
out/c6/H3_C6_invago_4P3/seed_44/H3_C6_invago_4P3_seed_44_sample_2_model.cif,ok,91.3,83.53,1.858,5.505,-3.647,inverse-agonist-like (low H12 local confidence override),0.59
out/c6/H3_C6_invago_4P3/seed_44/H3_C6_invago_4P3_seed_44_sample_3_model.cif,ok,90.2,83.63,0.616,7.799,-7.183,inverse-agonist-like (low H12 local confidence override),0.6
out/c6/H3_C6_invago_4P3/seed_44/H3_C6_invago_4P3_seed_44_sample_4_model.cif,ok,90.3,83.22,0.546,7.659,-7.113,inverse-agonist-like (low H12 local confidence override),0.54
out/c6/H3_C6_invago_4P3/seed_44/H3_C6_invago_4P3_seed_44_sample_5_model.cif,ok,90.1,82.75,0.609,7.563,-6.954,inverse-agonist-like (low H12 local confidence override),0.46
out/c6/H3_C6_invago_4P3/seed_44/H3_C6_invago_4P3_seed_44_sample_6_model.cif,ok,90.2,83.08,0.552,7.583,-7.031,inverse-agonist-like (low H12 local confidence override),0.51
out/c6/H3_C6_invago_4P3/seed_44/H3_C6_invago_4P3_seed_44_sample_7_model.cif,ok,90.4,83.97,0.577,7.784,-7.207,inverse-agonist-like (low H12 local confidence override),0.66
out/c6/H3_C6_invago_4P3/seed_44/H3_C6_invago_4P3_seed_44_sample_8_model.cif,ok,90.3,83.71,0.529,7.671,-7.142,inverse-agonist-like (low H12 local confidence override),0.62
out/c6/H3_C6_invago_4P3/seed_44/H3_C6_invago_4P3_seed_44_sample_9_model.cif,ok,90.2,83.43,0.666,7.869,-7.203,inverse-agonist-like (low H12 local confidence override),0.57
out/c6/H3_C6_invago_4P3/seed_45/H3_C6_invago_4P3_seed_45_sample_10_model.cif,ok,90.0,82.52,0.506,7.588,-7.082,inverse-agonist-like (low H12 local confidence override),0.42
out/c6/H3_C6_invago_4P3/seed_45/H3_C6_invago_4P3_seed_45_sample_1_model.cif,ok,90.5,80.09,1.754,5.692,-3.939,inverse-agonist-like (low H12 local confidence override),0.01
out/c6/H3_C6_invago_4P3/seed_45/H3_C6_invago_4P3_seed_45_sample_2_model.cif,ok,90.1,82.44,0.608,7.687,-7.08,inverse-agonist-like (low H12 local confidence override),0.41
out/c6/H3_C6_invago_4P3/seed_45/H3_C6_invago_4P3_seed_45_sample_3_model.cif,ok,90.0,82.5,0.575,7.738,-7.164,inverse-agonist-like (low H12 local confidence override),0.42
out/c6/H3_C6_invago_4P3/seed_45/H3_C6_invago_4P3_seed_45_sample_4_model.cif,ok,90.9,80.53,2.287,5.317,-3.031,inverse-agonist-like (low H12 local confidence override),0.09
out/c6/H3_C6_invago_4P3/seed_45/H3_C6_invago_4P3_seed_45_sample_5_model.cif,ok,90.8,81.89,1.83,5.742,-3.912,inverse-agonist-like (low H12 local confidence override),0.31
out/c6/H3_C6_invago_4P3/seed_45/H3_C6_invago_4P3_seed_45_sample_6_model.cif,ok,90.7,81.3,1.634,5.651,-4.017,inverse-agonist-like (low H12 local confidence override),0.22
out/c6/H3_C6_invago_4P3/seed_45/H3_C6_invago_4P3_seed_45_sample_7_model.cif,ok,90.1,82.37,0.558,7.649,-7.091,inverse-agonist-like (low H12 local confidence override),0.39
out/c6/H3_C6_invago_4P3/seed_45/H3_C6_invago_4P3_seed_45_sample_8_model.cif,ok,89.7,81.44,0.501,7.584,-7.082,inverse-agonist-like (low H12 local confidence override),0.24
out/c6/H3_C6_invago_4P3/seed_45/H3_C6_invago_4P3_seed_45_sample_9_model.cif,ok,90.7,80.84,2.057,5.514,-3.458,inverse-agonist-like (low H12 local confidence override),0.14
out/c6/H3_C6_invago_4P3/seed_46/H3_C6_invago_4P3_seed_46_sample_10_model.cif,ok,90.4,79.93,1.835,5.772,-3.936,agonist-like,0.01
out/c6/H3_C6_invago_4P3/seed_46/H3_C6_invago_4P3_seed_46_sample_1_model.cif,ok,90.2,82.54,0.504,7.672,-7.168,inverse-agonist-like (low H12 local confidence override),0.42
out/c6/H3_C6_invago_4P3/seed_46/H3_C6_invago_4P3_seed_46_sample_2_model.cif,ok,91.2,83.19,1.771,5.652,-3.881,inverse-agonist-like (low H12 local confidence override),0.53
out/c6/H3_C6_invago_4P3/seed_46/H3_C6_invago_4P3_seed_46_sample_3_model.cif,ok,89.8,81.42,0.439,7.763,-7.324,inverse-agonist-like (low H12 local confidence override),0.24
out/c6/H3_C6_invago_4P3/seed_46/H3_C6_invago_4P3_seed_46_sample_4_model.cif,ok,90.1,82.78,0.591,7.757,-7.166,inverse-agonist-like (low H12 local confidence override),0.46
out/c6/H3_C6_invago_4P3/seed_46/H3_C6_invago_4P3_seed_46_sample_5_model.cif,ok,90.2,82.79,0.655,7.829,-7.174,inverse-agonist-like (low H12 local confidence override),0.46
out/c6/H3_C6_invago_4P3/seed_46/H3_C6_invago_4P3_seed_46_sample_6_model.cif,ok,89.8,81.59,0.385,7.771,-7.386,inverse-agonist-like (low H12 local confidence override),0.26
out/c6/H3_C6_invago_4P3/seed_46/H3_C6_invago_4P3_seed_46_sample_7_model.cif,ok,89.9,82.55,0.557,7.874,-7.317,inverse-agonist-like (low H12 local confidence override),0.43
out/c6/H3_C6_invago_4P3/seed_46/H3_C6_invago_4P3_seed_46_sample_8_model.cif,ok,89.4,80.78,0.535,7.599,-7.063,inverse-agonist-like (low H12 local confidence override),0.13
out/c6/H3_C6_invago_4P3/seed_46/H3_C6_invago_4P3_seed_46_sample_9_model.cif,ok,89.7,81.34,0.565,7.619,-7.053,inverse-agonist-like (low H12 local confidence override),0.22
