arm,seed,rmsd
D1_agonist,42,48.6
D1_agonist,42,33.303
D1_agonist,42,50.217
D1_agonist,42,29.761
D1_agonist,42,31.458
D1_agonist,42,21.442
D1_agonist,42,47.633
D1_agonist,42,44.361
D1_agonist,42,20.721
D1_agonist,42,20.338
D1_agonist,43,28.329
D1_agonist,43,40.778
D1_agonist,43,19.263
D1_agonist,43,42.008
D1_agonist,43,24.949
D1_agonist,43,40.157
D1_agonist,43,29.409
D1_agonist,43,49.398
D1_agonist,43,45.48
D1_agonist,43,38.958
D1_agonist,44,48.989
D1_agonist,44,45.367
D1_agonist,44,27.475
D1_agonist,44,41.756
D1_agonist,44,32.092
D1_agonist,44,49.37
D1_agonist,44,44.064
D1_agonist,44,23.027
D1_agonist,44,50.048
D1_agonist,44,52.736
D1_agonist,45,47.33
D1_agonist,45,32.118
D1_agonist,45,47.343
D1_agonist,45,51.803
D1_agonist,45,41.213
D1_agonist,45,32.827
D1_agonist,45,32.266
D1_agonist,45,36.194
D1_agonist,45,25.472
D1_agonist,45,28.719
D1_agonist,46,35.393
D1_agonist,46,55.43
D1_agonist,46,34.312
D1_agonist,46,31.089
D1_agonist,46,28.032
D1_agonist,46,40.884
D1_agonist,46,37.28
D1_agonist,46,31.713
D1_agonist,46,43.219
D1_agonist,46,19.205
D2_inverse_agonist,42,3.822
D2_inverse_agonist,42,4.079
D2_inverse_agonist,42,4.25
D2_inverse_agonist,42,4.217
D2_inverse_agonist,42,4.192
D2_inverse_agonist,42,4.329
D2_inverse_agonist,42,4.286
D2_inverse_agonist,42,4.334
D2_inverse_agonist,42,4.243
D2_inverse_agonist,42,4.44
D2_inverse_agonist,43,4.557
D2_inverse_agonist,43,4.127
D2_inverse_agonist,43,3.458
D2_inverse_agonist,43,4.065
D2_inverse_agonist,43,4.567
D2_inverse_agonist,43,4.094
D2_inverse_agonist,43,4.689
D2_inverse_agonist,43,5.427
D2_inverse_agonist,43,4.307
D2_inverse_agonist,43,4.325
D2_inverse_agonist,44,4.544
D2_inverse_agonist,44,4.39
D2_inverse_agonist,44,4.549
D2_inverse_agonist,44,3.999
D2_inverse_agonist,44,3.609
D2_inverse_agonist,44,5.166
D2_inverse_agonist,44,5.114
D2_inverse_agonist,44,4.339
D2_inverse_agonist,44,4.319
D2_inverse_agonist,44,4.446
D2_inverse_agonist,45,4.121
D2_inverse_agonist,45,4.18
D2_inverse_agonist,45,5.325
D2_inverse_agonist,45,4.204
D2_inverse_agonist,45,3.476
D2_inverse_agonist,45,4.256
D2_inverse_agonist,45,4.081
D2_inverse_agonist,45,4.329
D2_inverse_agonist,45,4.404
D2_inverse_agonist,45,3.882
D2_inverse_agonist,46,4.187
D2_inverse_agonist,46,3.961
D2_inverse_agonist,46,4.042
D2_inverse_agonist,46,4.147
D2_inverse_agonist,46,4.376
D2_inverse_agonist,46,4.505
D2_inverse_agonist,46,4.378
D2_inverse_agonist,46,4.051
D2_inverse_agonist,46,4.524
D2_inverse_agonist,46,4.416
