arm,file,seed,status,peptide_rmsd_to_3kyt,peptide_contact_residues,h12_state,h12_margin
D1_agonist,/home/lyceum/h2_posthoc/out/coactivator_d1/H4_D1_coactivator_agonist_HC2/seed_42/H4_D1_coactivator_agonist_HC2_seed_42_sample_10_model.cif,42,ok,48.6,8,agonist,1.2670296430587769
D1_agonist,/home/lyceum/h2_posthoc/out/coactivator_d1/H4_D1_coactivator_agonist_HC2/seed_42/H4_D1_coactivator_agonist_HC2_seed_42_sample_1_model.cif,42,ok,33.303,10,agonist,0.6696708798408508
D1_agonist,/home/lyceum/h2_posthoc/out/coactivator_d1/H4_D1_coactivator_agonist_HC2/seed_42/H4_D1_coactivator_agonist_HC2_seed_42_sample_2_model.cif,42,ok,50.217,9,agonist,0.4663725197315216
D1_agonist,/home/lyceum/h2_posthoc/out/coactivator_d1/H4_D1_coactivator_agonist_HC2/seed_42/H4_D1_coactivator_agonist_HC2_seed_42_sample_3_model.cif,42,ok,29.761,8,agonist,0.015684127807617188
D1_agonist,/home/lyceum/h2_posthoc/out/coactivator_d1/H4_D1_coactivator_agonist_HC2/seed_42/H4_D1_coactivator_agonist_HC2_seed_42_sample_4_model.cif,42,ok,31.458,8,agonist,0.15158092975616455
D1_agonist,/home/lyceum/h2_posthoc/out/coactivator_d1/H4_D1_coactivator_agonist_HC2/seed_42/H4_D1_coactivator_agonist_HC2_seed_42_sample_5_model.cif,42,ok,21.442,11,agonist,0.7565428763628006
D1_agonist,/home/lyceum/h2_posthoc/out/coactivator_d1/H4_D1_coactivator_agonist_HC2/seed_42/H4_D1_coactivator_agonist_HC2_seed_42_sample_6_model.cif,42,ok,47.633,7,agonist,0.014424324035644531
D1_agonist,/home/lyceum/h2_posthoc/out/coactivator_d1/H4_D1_coactivator_agonist_HC2/seed_42/H4_D1_coactivator_agonist_HC2_seed_42_sample_7_model.cif,42,ok,44.361,8,agonist,0.7379378527402878
D1_agonist,/home/lyceum/h2_posthoc/out/coactivator_d1/H4_D1_coactivator_agonist_HC2/seed_42/H4_D1_coactivator_agonist_HC2_seed_42_sample_8_model.cif,42,ok,20.721,9,agonist,0.6689395606517792
D1_agonist,/home/lyceum/h2_posthoc/out/coactivator_d1/H4_D1_coactivator_agonist_HC2/seed_42/H4_D1_coactivator_agonist_HC2_seed_42_sample_9_model.cif,42,ok,20.338,10,agonist,0.9052053838968277
D1_agonist,/home/lyceum/h2_posthoc/out/coactivator_d1/H4_D1_coactivator_agonist_HC2/seed_43/H4_D1_coactivator_agonist_HC2_seed_43_sample_10_model.cif,43,ok,28.329,9,agonist,1.096604272723198
D1_agonist,/home/lyceum/h2_posthoc/out/coactivator_d1/H4_D1_coactivator_agonist_HC2/seed_43/H4_D1_coactivator_agonist_HC2_seed_43_sample_1_model.cif,43,ok,40.778,7,agonist,1.1486054062843323
D1_agonist,/home/lyceum/h2_posthoc/out/coactivator_d1/H4_D1_coactivator_agonist_HC2/seed_43/H4_D1_coactivator_agonist_HC2_seed_43_sample_2_model.cif,43,ok,19.263,8,agonist,1.2206967510282993
D1_agonist,/home/lyceum/h2_posthoc/out/coactivator_d1/H4_D1_coactivator_agonist_HC2/seed_43/H4_D1_coactivator_agonist_HC2_seed_43_sample_3_model.cif,43,ok,42.008,7,agonist,0.34554433822631836
D1_agonist,/home/lyceum/h2_posthoc/out/coactivator_d1/H4_D1_coactivator_agonist_HC2/seed_43/H4_D1_coactivator_agonist_HC2_seed_43_sample_4_model.cif,43,ok,24.949,12,agonist,0.4472964406013489
D1_agonist,/home/lyceum/h2_posthoc/out/coactivator_d1/H4_D1_coactivator_agonist_HC2/seed_43/H4_D1_coactivator_agonist_HC2_seed_43_sample_5_model.cif,43,ok,40.157,8,agonist,0.7100832611322403
D1_agonist,/home/lyceum/h2_posthoc/out/coactivator_d1/H4_D1_coactivator_agonist_HC2/seed_43/H4_D1_coactivator_agonist_HC2_seed_43_sample_6_model.cif,43,ok,29.409,9,agonist,0.009462594985961914
D1_agonist,/home/lyceum/h2_posthoc/out/coactivator_d1/H4_D1_coactivator_agonist_HC2/seed_43/H4_D1_coactivator_agonist_HC2_seed_43_sample_7_model.cif,43,ok,49.398,8,agonist,0.39618414640426636
D1_agonist,/home/lyceum/h2_posthoc/out/coactivator_d1/H4_D1_coactivator_agonist_HC2/seed_43/H4_D1_coactivator_agonist_HC2_seed_43_sample_8_model.cif,43,ok,45.48,8,agonist,2.2248504161834717
D1_agonist,/home/lyceum/h2_posthoc/out/coactivator_d1/H4_D1_coactivator_agonist_HC2/seed_43/H4_D1_coactivator_agonist_HC2_seed_43_sample_9_model.cif,43,ok,38.958,7,agonist,0.728848397731781
D1_agonist,/home/lyceum/h2_posthoc/out/coactivator_d1/H4_D1_coactivator_agonist_HC2/seed_44/H4_D1_coactivator_agonist_HC2_seed_44_sample_10_model.cif,44,ok,48.989,9,agonist,0.6228024065494537
D1_agonist,/home/lyceum/h2_posthoc/out/coactivator_d1/H4_D1_coactivator_agonist_HC2/seed_44/H4_D1_coactivator_agonist_HC2_seed_44_sample_1_model.cif,44,ok,45.367,9,antagonist,0.17940407991409302
D1_agonist,/home/lyceum/h2_posthoc/out/coactivator_d1/H4_D1_coactivator_agonist_HC2/seed_44/H4_D1_coactivator_agonist_HC2_seed_44_sample_2_model.cif,44,ok,27.475,9,agonist,0.5938738882541656
D1_agonist,/home/lyceum/h2_posthoc/out/coactivator_d1/H4_D1_coactivator_agonist_HC2/seed_44/H4_D1_coactivator_agonist_HC2_seed_44_sample_3_model.cif,44,ok,41.756,10,agonist,0.657901257276535
D1_agonist,/home/lyceum/h2_posthoc/out/coactivator_d1/H4_D1_coactivator_agonist_HC2/seed_44/H4_D1_coactivator_agonist_HC2_seed_44_sample_4_model.cif,44,ok,32.092,10,agonist,0.5080499053001404
D1_agonist,/home/lyceum/h2_posthoc/out/coactivator_d1/H4_D1_coactivator_agonist_HC2/seed_44/H4_D1_coactivator_agonist_HC2_seed_44_sample_5_model.cif,44,ok,49.37,8,agonist,1.1513183265924454
D1_agonist,/home/lyceum/h2_posthoc/out/coactivator_d1/H4_D1_coactivator_agonist_HC2/seed_44/H4_D1_coactivator_agonist_HC2_seed_44_sample_6_model.cif,44,ok,44.064,10,agonist,0.9564111977815628
D1_agonist,/home/lyceum/h2_posthoc/out/coactivator_d1/H4_D1_coactivator_agonist_HC2/seed_44/H4_D1_coactivator_agonist_HC2_seed_44_sample_7_model.cif,44,ok,23.027,9,agonist,0.904949426651001
D1_agonist,/home/lyceum/h2_posthoc/out/coactivator_d1/H4_D1_coactivator_agonist_HC2/seed_44/H4_D1_coactivator_agonist_HC2_seed_44_sample_8_model.cif,44,ok,50.048,8,agonist,1.0434444695711136
D1_agonist,/home/lyceum/h2_posthoc/out/coactivator_d1/H4_D1_coactivator_agonist_HC2/seed_44/H4_D1_coactivator_agonist_HC2_seed_44_sample_9_model.cif,44,ok,52.736,8,agonist,0.5547638237476349
D1_agonist,/home/lyceum/h2_posthoc/out/coactivator_d1/H4_D1_coactivator_agonist_HC2/seed_45/H4_D1_coactivator_agonist_HC2_seed_45_sample_10_model.cif,45,ok,47.33,10,agonist,1.6035143733024597
D1_agonist,/home/lyceum/h2_posthoc/out/coactivator_d1/H4_D1_coactivator_agonist_HC2/seed_45/H4_D1_coactivator_agonist_HC2_seed_45_sample_1_model.cif,45,ok,32.118,9,agonist,0.7092011868953705
D1_agonist,/home/lyceum/h2_posthoc/out/coactivator_d1/H4_D1_coactivator_agonist_HC2/seed_45/H4_D1_coactivator_agonist_HC2_seed_45_sample_2_model.cif,45,ok,47.343,8,agonist,0.6938564479351044
D1_agonist,/home/lyceum/h2_posthoc/out/coactivator_d1/H4_D1_coactivator_agonist_HC2/seed_45/H4_D1_coactivator_agonist_HC2_seed_45_sample_3_model.cif,45,ok,51.803,9,agonist,2.726258806884289
D1_agonist,/home/lyceum/h2_posthoc/out/coactivator_d1/H4_D1_coactivator_agonist_HC2/seed_45/H4_D1_coactivator_agonist_HC2_seed_45_sample_4_model.cif,45,ok,41.213,8,agonist,0.029587745666503906
D1_agonist,/home/lyceum/h2_posthoc/out/coactivator_d1/H4_D1_coactivator_agonist_HC2/seed_45/H4_D1_coactivator_agonist_HC2_seed_45_sample_5_model.cif,45,ok,32.827,9,agonist,0.5405111312866211
D1_agonist,/home/lyceum/h2_posthoc/out/coactivator_d1/H4_D1_coactivator_agonist_HC2/seed_45/H4_D1_coactivator_agonist_HC2_seed_45_sample_6_model.cif,45,ok,32.266,10,agonist,1.7156962752342224
D1_agonist,/home/lyceum/h2_posthoc/out/coactivator_d1/H4_D1_coactivator_agonist_HC2/seed_45/H4_D1_coactivator_agonist_HC2_seed_45_sample_7_model.cif,45,ok,36.194,8,agonist,1.2263585403561592
D1_agonist,/home/lyceum/h2_posthoc/out/coactivator_d1/H4_D1_coactivator_agonist_HC2/seed_45/H4_D1_coactivator_agonist_HC2_seed_45_sample_8_model.cif,45,ok,25.472,9,agonist,0.9682980999350548
D1_agonist,/home/lyceum/h2_posthoc/out/coactivator_d1/H4_D1_coactivator_agonist_HC2/seed_45/H4_D1_coactivator_agonist_HC2_seed_45_sample_9_model.cif,45,ok,28.719,11,agonist,2.0788639411330223
D1_agonist,/home/lyceum/h2_posthoc/out/coactivator_d1/H4_D1_coactivator_agonist_HC2/seed_46/H4_D1_coactivator_agonist_HC2_seed_46_sample_10_model.cif,46,ok,35.393,9,agonist,1.034605085849762
D1_agonist,/home/lyceum/h2_posthoc/out/coactivator_d1/H4_D1_coactivator_agonist_HC2/seed_46/H4_D1_coactivator_agonist_HC2_seed_46_sample_1_model.cif,46,ok,55.43,7,agonist,1.0112911760807037
D1_agonist,/home/lyceum/h2_posthoc/out/coactivator_d1/H4_D1_coactivator_agonist_HC2/seed_46/H4_D1_coactivator_agonist_HC2_seed_46_sample_2_model.cif,46,ok,34.312,7,antagonist,0.035779714584350586
D1_agonist,/home/lyceum/h2_posthoc/out/coactivator_d1/H4_D1_coactivator_agonist_HC2/seed_46/H4_D1_coactivator_agonist_HC2_seed_46_sample_3_model.cif,46,ok,31.089,12,agonist,0.5779297947883606
D1_agonist,/home/lyceum/h2_posthoc/out/coactivator_d1/H4_D1_coactivator_agonist_HC2/seed_46/H4_D1_coactivator_agonist_HC2_seed_46_sample_4_model.cif,46,ok,28.032,8,agonist,0.7513823062181473
D1_agonist,/home/lyceum/h2_posthoc/out/coactivator_d1/H4_D1_coactivator_agonist_HC2/seed_46/H4_D1_coactivator_agonist_HC2_seed_46_sample_5_model.cif,46,ok,40.884,7,agonist,0.7059427946805954
D1_agonist,/home/lyceum/h2_posthoc/out/coactivator_d1/H4_D1_coactivator_agonist_HC2/seed_46/H4_D1_coactivator_agonist_HC2_seed_46_sample_6_model.cif,46,ok,37.28,9,agonist,0.8641650974750519
D1_agonist,/home/lyceum/h2_posthoc/out/coactivator_d1/H4_D1_coactivator_agonist_HC2/seed_46/H4_D1_coactivator_agonist_HC2_seed_46_sample_7_model.cif,46,ok,31.713,10,agonist,0.10164785385131836
D1_agonist,/home/lyceum/h2_posthoc/out/coactivator_d1/H4_D1_coactivator_agonist_HC2/seed_46/H4_D1_coactivator_agonist_HC2_seed_46_sample_8_model.cif,46,ok,43.219,8,agonist,1.3163996487855911
D1_agonist,/home/lyceum/h2_posthoc/out/coactivator_d1/H4_D1_coactivator_agonist_HC2/seed_46/H4_D1_coactivator_agonist_HC2_seed_46_sample_9_model.cif,46,ok,19.205,8,agonist,2.0052499175071716
D2_inverse_agonist,/home/lyceum/h2_posthoc/out/coactivator/H2_coactivator_cofold/seed_42/H2_coactivator_cofold_seed_42_sample_10_model.cif,42,ok,3.822,11,agonist,0.054071396589279175
D2_inverse_agonist,/home/lyceum/h2_posthoc/out/coactivator/H2_coactivator_cofold/seed_42/H2_coactivator_cofold_seed_42_sample_1_model.cif,42,ok,4.079,10,agonist,0.03777480125427246
D2_inverse_agonist,/home/lyceum/h2_posthoc/out/coactivator/H2_coactivator_cofold/seed_42/H2_coactivator_cofold_seed_42_sample_2_model.cif,42,ok,4.25,11,agonist,0.12312759459018707
D2_inverse_agonist,/home/lyceum/h2_posthoc/out/coactivator/H2_coactivator_cofold/seed_42/H2_coactivator_cofold_seed_42_sample_3_model.cif,42,ok,4.217,9,agonist,0.14336824417114258
D2_inverse_agonist,/home/lyceum/h2_posthoc/out/coactivator/H2_coactivator_cofold/seed_42/H2_coactivator_cofold_seed_42_sample_4_model.cif,42,ok,4.192,10,agonist,0.03187212347984314
D2_inverse_agonist,/home/lyceum/h2_posthoc/out/coactivator/H2_coactivator_cofold/seed_42/H2_coactivator_cofold_seed_42_sample_5_model.cif,42,ok,4.329,10,agonist,0.1040855348110199
D2_inverse_agonist,/home/lyceum/h2_posthoc/out/coactivator/H2_coactivator_cofold/seed_42/H2_coactivator_cofold_seed_42_sample_6_model.cif,42,ok,4.286,11,agonist,0.05290606617927551
D2_inverse_agonist,/home/lyceum/h2_posthoc/out/coactivator/H2_coactivator_cofold/seed_42/H2_coactivator_cofold_seed_42_sample_7_model.cif,42,ok,4.334,11,agonist,0.048159241676330566
D2_inverse_agonist,/home/lyceum/h2_posthoc/out/coactivator/H2_coactivator_cofold/seed_42/H2_coactivator_cofold_seed_42_sample_8_model.cif,42,ok,4.243,10,agonist,0.06371891498565674
D2_inverse_agonist,/home/lyceum/h2_posthoc/out/coactivator/H2_coactivator_cofold/seed_42/H2_coactivator_cofold_seed_42_sample_9_model.cif,42,ok,4.44,10,agonist,0.09531614184379578
D2_inverse_agonist,/home/lyceum/h2_posthoc/out/coactivator/H2_coactivator_cofold/seed_43/H2_coactivator_cofold_seed_43_sample_10_model.cif,43,ok,4.557,10,agonist,0.12390255928039551
D2_inverse_agonist,/home/lyceum/h2_posthoc/out/coactivator/H2_coactivator_cofold/seed_43/H2_coactivator_cofold_seed_43_sample_1_model.cif,43,ok,4.127,9,agonist,0.09379857778549194
D2_inverse_agonist,/home/lyceum/h2_posthoc/out/coactivator/H2_coactivator_cofold/seed_43/H2_coactivator_cofold_seed_43_sample_2_model.cif,43,ok,3.458,11,agonist,0.059315502643585205
D2_inverse_agonist,/home/lyceum/h2_posthoc/out/coactivator/H2_coactivator_cofold/seed_43/H2_coactivator_cofold_seed_43_sample_3_model.cif,43,ok,4.065,10,agonist,0.07617810368537903
D2_inverse_agonist,/home/lyceum/h2_posthoc/out/coactivator/H2_coactivator_cofold/seed_43/H2_coactivator_cofold_seed_43_sample_4_model.cif,43,ok,4.567,11,agonist,0.03528481721878052
D2_inverse_agonist,/home/lyceum/h2_posthoc/out/coactivator/H2_coactivator_cofold/seed_43/H2_coactivator_cofold_seed_43_sample_5_model.cif,43,ok,4.094,10,agonist,0.020053058862686157
D2_inverse_agonist,/home/lyceum/h2_posthoc/out/coactivator/H2_coactivator_cofold/seed_43/H2_coactivator_cofold_seed_43_sample_6_model.cif,43,ok,4.689,10,agonist,0.05072012543678284
D2_inverse_agonist,/home/lyceum/h2_posthoc/out/coactivator/H2_coactivator_cofold/seed_43/H2_coactivator_cofold_seed_43_sample_7_model.cif,43,ok,5.427,10,agonist,0.07948684692382812
D2_inverse_agonist,/home/lyceum/h2_posthoc/out/coactivator/H2_coactivator_cofold/seed_43/H2_coactivator_cofold_seed_43_sample_8_model.cif,43,ok,4.307,11,agonist,0.1590726226568222
D2_inverse_agonist,/home/lyceum/h2_posthoc/out/coactivator/H2_coactivator_cofold/seed_43/H2_coactivator_cofold_seed_43_sample_9_model.cif,43,ok,4.325,11,agonist,0.04951435327529907
D2_inverse_agonist,/home/lyceum/h2_posthoc/out/coactivator/H2_coactivator_cofold/seed_44/H2_coactivator_cofold_seed_44_sample_10_model.cif,44,ok,4.544,10,agonist,0.10819175839424133
D2_inverse_agonist,/home/lyceum/h2_posthoc/out/coactivator/H2_coactivator_cofold/seed_44/H2_coactivator_cofold_seed_44_sample_1_model.cif,44,ok,4.39,11,agonist,0.08359155058860779
D2_inverse_agonist,/home/lyceum/h2_posthoc/out/coactivator/H2_coactivator_cofold/seed_44/H2_coactivator_cofold_seed_44_sample_2_model.cif,44,ok,4.549,10,agonist,0.13344670832157135
D2_inverse_agonist,/home/lyceum/h2_posthoc/out/coactivator/H2_coactivator_cofold/seed_44/H2_coactivator_cofold_seed_44_sample_3_model.cif,44,ok,3.999,10,agonist,0.04070085287094116
D2_inverse_agonist,/home/lyceum/h2_posthoc/out/coactivator/H2_coactivator_cofold/seed_44/H2_coactivator_cofold_seed_44_sample_4_model.cif,44,ok,3.609,11,agonist,0.03464922308921814
D2_inverse_agonist,/home/lyceum/h2_posthoc/out/coactivator/H2_coactivator_cofold/seed_44/H2_coactivator_cofold_seed_44_sample_5_model.cif,44,ok,5.166,10,agonist,0.10227210819721222
D2_inverse_agonist,/home/lyceum/h2_posthoc/out/coactivator/H2_coactivator_cofold/seed_44/H2_coactivator_cofold_seed_44_sample_6_model.cif,44,ok,5.114,9,agonist,0.08610230684280396
D2_inverse_agonist,/home/lyceum/h2_posthoc/out/coactivator/H2_coactivator_cofold/seed_44/H2_coactivator_cofold_seed_44_sample_7_model.cif,44,ok,4.339,10,agonist,0.09495878219604492
D2_inverse_agonist,/home/lyceum/h2_posthoc/out/coactivator/H2_coactivator_cofold/seed_44/H2_coactivator_cofold_seed_44_sample_8_model.cif,44,ok,4.319,10,agonist,0.10884629189968109
D2_inverse_agonist,/home/lyceum/h2_posthoc/out/coactivator/H2_coactivator_cofold/seed_44/H2_coactivator_cofold_seed_44_sample_9_model.cif,44,ok,4.446,11,agonist,0.09346961975097656
D2_inverse_agonist,/home/lyceum/h2_posthoc/out/coactivator/H2_coactivator_cofold/seed_45/H2_coactivator_cofold_seed_45_sample_10_model.cif,45,ok,4.121,10,agonist,0.0824933648109436
D2_inverse_agonist,/home/lyceum/h2_posthoc/out/coactivator/H2_coactivator_cofold/seed_45/H2_coactivator_cofold_seed_45_sample_1_model.cif,45,ok,4.18,11,agonist,0.04372873902320862
D2_inverse_agonist,/home/lyceum/h2_posthoc/out/coactivator/H2_coactivator_cofold/seed_45/H2_coactivator_cofold_seed_45_sample_2_model.cif,45,ok,5.325,11,agonist,0.19457827508449554
D2_inverse_agonist,/home/lyceum/h2_posthoc/out/coactivator/H2_coactivator_cofold/seed_45/H2_coactivator_cofold_seed_45_sample_3_model.cif,45,ok,4.204,10,agonist,0.09851659834384918
D2_inverse_agonist,/home/lyceum/h2_posthoc/out/coactivator/H2_coactivator_cofold/seed_45/H2_coactivator_cofold_seed_45_sample_4_model.cif,45,ok,3.476,10,agonist,0.066375732421875
D2_inverse_agonist,/home/lyceum/h2_posthoc/out/coactivator/H2_coactivator_cofold/seed_45/H2_coactivator_cofold_seed_45_sample_5_model.cif,45,ok,4.256,10,agonist,0.09747970104217529
D2_inverse_agonist,/home/lyceum/h2_posthoc/out/coactivator/H2_coactivator_cofold/seed_45/H2_coactivator_cofold_seed_45_sample_6_model.cif,45,ok,4.081,11,agonist,0.0788550078868866
D2_inverse_agonist,/home/lyceum/h2_posthoc/out/coactivator/H2_coactivator_cofold/seed_45/H2_coactivator_cofold_seed_45_sample_7_model.cif,45,ok,4.329,11,agonist,0.050590306520462036
D2_inverse_agonist,/home/lyceum/h2_posthoc/out/coactivator/H2_coactivator_cofold/seed_45/H2_coactivator_cofold_seed_45_sample_8_model.cif,45,ok,4.404,10,agonist,0.09335881471633911
D2_inverse_agonist,/home/lyceum/h2_posthoc/out/coactivator/H2_coactivator_cofold/seed_45/H2_coactivator_cofold_seed_45_sample_9_model.cif,45,ok,3.882,10,agonist,0.10179053246974945
D2_inverse_agonist,/home/lyceum/h2_posthoc/out/coactivator/H2_coactivator_cofold/seed_46/H2_coactivator_cofold_seed_46_sample_10_model.cif,46,ok,4.187,10,agonist,0.11958585679531097
D2_inverse_agonist,/home/lyceum/h2_posthoc/out/coactivator/H2_coactivator_cofold/seed_46/H2_coactivator_cofold_seed_46_sample_1_model.cif,46,ok,3.961,10,agonist,0.13144151866436005
D2_inverse_agonist,/home/lyceum/h2_posthoc/out/coactivator/H2_coactivator_cofold/seed_46/H2_coactivator_cofold_seed_46_sample_2_model.cif,46,ok,4.042,10,agonist,0.18276482820510864
D2_inverse_agonist,/home/lyceum/h2_posthoc/out/coactivator/H2_coactivator_cofold/seed_46/H2_coactivator_cofold_seed_46_sample_3_model.cif,46,ok,4.147,11,agonist,0.06808328628540039
D2_inverse_agonist,/home/lyceum/h2_posthoc/out/coactivator/H2_coactivator_cofold/seed_46/H2_coactivator_cofold_seed_46_sample_4_model.cif,46,ok,4.376,11,agonist,0.06806144118309021
D2_inverse_agonist,/home/lyceum/h2_posthoc/out/coactivator/H2_coactivator_cofold/seed_46/H2_coactivator_cofold_seed_46_sample_5_model.cif,46,ok,4.505,11,agonist,0.05526447296142578
D2_inverse_agonist,/home/lyceum/h2_posthoc/out/coactivator/H2_coactivator_cofold/seed_46/H2_coactivator_cofold_seed_46_sample_6_model.cif,46,ok,4.378,10,agonist,0.10931640863418579
D2_inverse_agonist,/home/lyceum/h2_posthoc/out/coactivator/H2_coactivator_cofold/seed_46/H2_coactivator_cofold_seed_46_sample_7_model.cif,46,ok,4.051,10,agonist,0.053803324699401855
D2_inverse_agonist,/home/lyceum/h2_posthoc/out/coactivator/H2_coactivator_cofold/seed_46/H2_coactivator_cofold_seed_46_sample_8_model.cif,46,ok,4.524,10,agonist,0.028186380863189697
D2_inverse_agonist,/home/lyceum/h2_posthoc/out/coactivator/H2_coactivator_cofold/seed_46/H2_coactivator_cofold_seed_46_sample_9_model.cif,46,ok,4.416,10,agonist,0.07006672024726868
