batch,cid,true_label,call,correct,scaffold,mean_margin,mean_plddt
batch_A_curated_120,CHEMBL3217768,agonist,agonist,True,C1=C2CCCCC2[C@H]2CCC3CCC[C@H]3[C@@H]2C1,1.9074141830205917,89.57466947890819
batch_A_curated_120,CHEMBL3313999,agonist,agonist,True,O=C(NC1CCC1)c1cc(-c2ccc(-[n+]3ccc[nH]3)cc2)n(CC2CCCCC2)c1,0.5960803329944611,90.44992821904292
batch_A_curated_120,CHEMBL3314000,agonist,agonist,True,O=C(c1cc(-c2cccc3ccccc23)n(CC2CCCCC2)c1)N1CC2(CCS(=O)(=O)CC2)C1,0.6338712722063065,91.50463793103448
batch_A_curated_120,CHEMBL3314023,antagonist,,False,O=C(Cc1ccc(OCCc2cccnc2)cc1)NC(c1ccccc1)c1ccccc1,3.119199723005295,89.83924480712166
batch_A_curated_120,CHEMBL3314025,antagonist,agonist,False,O=C(Cc1ccc(OCc2cnoc2)cc1)NC(c1ccccc1)c1ccccc1,0.44811299443244934,88.87863805047007
batch_A_curated_120,CHEMBL3314026,antagonist,agonist,False,O=C(Cc1ccc2oc(Cc3cnoc3)cc2c1)NCc1ccccn1,0.5162525922060013,91.40004179030663
batch_A_curated_120,CHEMBL3314027,antagonist,agonist,False,O=C(Cc1ccc2oc(C(c3ccncc3)N3CCC3)cc2c1)NC(c1ccccc1)c1ccccc1,0.6670276522636414,89.32811525172755
batch_A_curated_120,CHEMBL3314028,antagonist,,False,O=C(Cc1ccc(NCc2cnoc2)cc1)NC(c1ccccc1)c1ccccc1,0.22616544365882874,89.47438606030647
batch_A_curated_120,CHEMBL3581543,agonist,,False,O=S(=O)(c1ccccc1)N(Cc1ccc(N2CCNCC2)cc1)C1CCC1,0.18853870034217834,94.59320307082714
batch_A_curated_120,CHEMBL3609403,agonist,agonist,True,O=C(Cc1ccccc1)Nc1ccc(-c2ccccc2)c(-c2ccno2)c1,0.36876054108142853,91.87348096885813
batch_A_curated_120,CHEMBL3609404,agonist,,False,O=C(Cc1ccccc1)Nc1ccc(-c2ccccc2)c(-c2cncnc2)c1,0.36888696253299713,91.55781694664032
batch_A_curated_120,CHEMBL3609409,agonist,agonist,True,O=C(Cc1ccccc1)Nc1ccc(-c2ccccc2)cc1,0.4381525218486786,90.71278008915306
batch_A_curated_120,CHEMBL4125757,antagonist,agonist,False,O=C(NC1CCOCC1)c1nc(CC2CCCCC2)c(-c2cccc3ccccc23)s1,1.9434608668088913,89.97886148148149
batch_A_curated_120,CHEMBL4126317,antagonist,,False,c1ccc(Cc2ncsc2-c2ccccc2)cc1,0.1802925020456314,90.46661604938271
batch_A_curated_120,CHEMBL4126366,antagonist,,False,O=C(NC1CCC1)c1nc(CC2CCCCC2)c(-c2cccc3c2CCCC3)s1,0.21326224505901337,89.39055824284304
batch_A_curated_120,CHEMBL4127127,antagonist,agonist,False,c1ccc2c(-c3scnc3CC3CCCCC3)cccc2c1,1.9336416274309158,89.84396890424482
batch_A_curated_120,CHEMBL4127932,antagonist,agonist,False,O=C(c1nc(CC2CCC2)c(-c2ccccc2)s1)N1CC2(C1)CS(=O)(=O)C2,1.955775335431099,92.56891555555555
batch_A_curated_120,CHEMBL4128363,antagonist,,False,O=C(NC1CS(=O)(=O)C1)c1nc(CC2CCCCC2)c(-c2cccc3ccccc23)s1,0.21854281425476074,89.19596790123458
batch_A_curated_120,CHEMBL4128575,antagonist,antagonist,True,O=C(NC1CCC1)c1nc(CC2CCCCC2)c(-c2cccc3ccccc23)s1,0.18987806141376495,89.92713739516526
batch_A_curated_120,CHEMBL4129494,antagonist,agonist,False,O=C(c1nc(CC2CCCCC2)c(-c2ccccc2)s1)N1CC2(C1)CS(=O)(=O)C2,1.970189943909645,91.03215629629631
batch_A_curated_120,CHEMBL4434744,agonist,agonist,True,O=S(=O)(c1ccccc1)n1ccc2ccc(-c3ccccc3)cc21,0.414267435669899,91.15635696640317
batch_A_curated_120,CHEMBL4446140,agonist,agonist,True,O=C(Nc1ccc2c(c1)CCN2Cc1ccccc1)[C@@H]1NCCc2ncccc21,1.874638244509697,93.48707273175543
batch_A_curated_120,CHEMBL4459436,agonist,agonist,True,O=S(=O)(c1ccccc1)N1CCc2ccc(-c3ccccc3)cc21,0.39449289441108704,89.52128730237155
batch_A_curated_120,CHEMBL4543504,agonist,agonist,True,O=C(Nc1ccc2c(c1)CCN2Cc1ccccc1)C1NCCc2ncccc21,1.9189055860042572,92.89435633036598
batch_A_curated_120,CHEMBL4578385,antagonist,antagonist,True,O=C(c1ccccc1)c1cn(-c2ccccc2)c2ccccc12,6.1120864152908325,93.71013573200992
batch_A_curated_120,CHEMBL4634701,agonist,antagonist,False,O=C(C1CCCCC1)N1CC[C@@]2(S(=O)(=O)c3ccccc3)c3ccc(OCc4ccccc4)cc3CC[C@@H]12,0.17403435707092285,94.96764791154791
batch_A_curated_120,CHEMBL4642011,agonist,antagonist,False,O=C(C1CCNCC1)N1CC[C@@]2(S(=O)(=O)c3ccccc3)c3ccc(OCc4ccccc4)cc3CC[C@@H]12,0.19988034665584564,94.61441269060501
batch_A_curated_120,CHEMBL4644213,agonist,antagonist,False,O=C([C@H]1CC[C@H](c2nn[nH]n2)CC1)N1CC[C@@]2(S(=O)(=O)c3ccccc3)c3ccc(OCc4ccccc4)cc3CC[C@@H]12,0.19295373558998108,94.84892285012285
batch_A_curated_120,CHEMBL4645125,agonist,antagonist,False,O=C(CN1CCS(=O)(=O)CC1)N1CC[C@@]2(S(=O)(=O)c3ccccc3)c3ccc(OCc4ccccc4)cc3CC[C@@H]12,0.2250245362520218,94.58103418593211
batch_A_curated_120,CHEMBL4648410,agonist,antagonist,False,O=C(C1CCS(=O)(=O)CC1)N1CC[C@@]2(S(=O)(=O)c3ccccc3)c3ccc(OCc4ccccc4)cc3CC[C@@H]12,0.1995643526315689,94.70411122047244
batch_A_curated_120,CHEMBL4777230,agonist,agonist,True,O=C(CN1CCNCC1)Nc1ccc(Oc2ccccc2)cc1,1.8726582825183868,90.45133415841585
batch_A_curated_120,CHEMBL4777967,agonist,agonist,True,O=C(NCc1cccc(Oc2ccccc2)c1)C1CNC1,1.9020564332604408,92.01534217046581
batch_A_curated_120,CHEMBL4783854,agonist,agonist,True,O=C(NCc1ccccc1)c1cccc(Oc2ccccc2)c1,2.0210376381874084,93.75082772277227
batch_A_curated_120,CHEMBL4848024,antagonist,,False,O=C(N[C@@H]1CC[C@@]2(S(=O)(=O)c3ccccc3)c3ccccc3CC[C@@H]12)C1CCCCC1,0.13414818048477173,90.09585805815672
batch_A_curated_120,CHEMBL4849340,agonist,agonist,True,O=C(Cc1ccccc1)Nc1ccc(CCN2CCCc3ccc(OC4COC4)cc32)cc1,1.924351453781128,92.50027989130436
batch_A_curated_120,CHEMBL4851155,agonist,agonist,True,O=S(=O)(NCc1ccccc1)N1CCc2cc(N3CCNCC3)ccc2C1,0.42865999042987823,90.32411391778108
batch_A_curated_120,CHEMBL4851214,agonist,antagonist,False,O=S(=O)(c1ccccc1)N1CCOc2ccc(-c3ccccc3)cc21,0.16169017553329468,93.46458955962396
batch_A_curated_120,CHEMBL4856642,agonist,antagonist,False,O=S(=O)(c1ccccc1)N1C[C@H](CC2COC2)Oc2ccc(-c3ccccc3)cc21,0.18444205820560455,91.25945685404339
batch_A_curated_120,CHEMBL4863222,agonist,agonist,True,O=C(NCc1ccccn1)c1ccc(CCN2CCCc3ccc(OC4CCC4)cc32)cc1,2.0435145497322083,93.94392588932807
batch_A_curated_120,CHEMBL4863518,agonist,agonist,True,O=C(NCc1ccccn1)c1ccc(CCN2CCCc3ccccc32)cc1,4.056678369641304,94.36347454275827
batch_A_curated_120,CHEMBL4865740,agonist,agonist,True,O=C(Cc1ccccn1)Nc1ccc(CCN2CCCc3ccccc32)cc1,2.0398199409246445,93.79363914977756
batch_A_curated_120,CHEMBL4868437,agonist,agonist,True,O=S(=O)(c1ccccc1)N1C[C@H](CC2CCOCC2)Oc2ccc(-c3ccccc3)cc21,1.9478355199098587,94.25429477059694
batch_A_curated_120,CHEMBL4868594,agonist,agonist,True,O=C(NCc1ccccn1)c1ccc(CCN2CCCc3ccc(OC4COC4)cc32)cc1,2.0401648581027985,92.14845429841897
batch_A_curated_120,CHEMBL4870621,agonist,agonist,True,O=C(Cc1ccccc1)Nc1ccc(CCN2CCCc3ccc(C4CC4)cc32)cc1,2.0436954349279404,93.53152695351139
batch_A_curated_120,CHEMBL4870796,agonist,agonist,True,O=C(Cc1ccccc1)Nc1ccc(CCN2CCOc3ccccc32)cc1,3.876117452979088,93.29048095944609
batch_A_curated_120,CHEMBL4871865,agonist,agonist,True,O=C(NCc1ccccc1)c1ccc(CCN2CCCc3ccccc32)cc1,4.422083392739296,94.2356255561048
batch_A_curated_120,CHEMBL4874284,agonist,agonist,True,O=C(NCc1ccccn1)c1ccc(CCN2CCOc3ccccc32)cc1,4.046867743134499,94.60663989125064
batch_A_curated_120,CHEMBL4875075,agonist,agonist,True,O=C(Cc1ccccc1)Nc1ccc(CCN2CCCc3ccc(OC4CCC4)cc32)cc1,1.9224347472190857,93.60106027667985
batch_A_curated_120,CHEMBL4875850,agonist,agonist,True,O=C(Cc1ccccc1)Nc1ccc(CCN2CCCc3ccccc32)cc1,1.9163017868995667,93.73552422145329
batch_A_curated_120,CHEMBL4879322,agonist,agonist,True,O=C(Cc1ccccc1)Nc1ccc(CCN2CCCc3ccc(CC4CC4)cc32)cc1,1.9199408888816833,93.81288556599111
batch_A_curated_120,CHEMBL5075133,agonist,agonist,True,O=C(Cc1ccccc1)Nc1ccc(CNCc2ccccc2)cc1,1.9213499426841736,94.55321449777338
batch_A_curated_120,CHEMBL5083229,agonist,agonist,True,O=C(Cc1ccccc1)Nc1ccc(CNCC2CCCCC2)cc1,1.9493083208799362,92.98632689450223
batch_A_curated_120,CHEMBL5083464,agonist,,False,O=C(NCc1ccccc1)c1ccc2[nH]c(Cc3ccccc3)cc2c1,0.16690132021903992,94.04239185185185
batch_A_curated_120,CHEMBL5083860,agonist,agonist,True,O=C(Cc1ccccc1)Nc1ccc(CN(Cc2ccccc2)CC2CCC2)cc1,0.4202691912651062,92.55598861949531
batch_A_curated_120,CHEMBL5087837,agonist,agonist,True,O=C(NCc1ccccc1)c1ccc2c(c1)cc(Cc1ccccc1)n2C1CC1,2.0668747425079346,94.20642814814815
batch_A_curated_120,CHEMBL5090127,agonist,,False,O=C(NCc1ccccc1)c1ccc(CNCc2ccccc2)cc1,0.5143568217754364,92.52220158494305
batch_A_curated_120,CHEMBL5091222,agonist,agonist,True,O=C(Cc1ccccc1)Nc1ccc(CCNc2ccccc2)cc1,2.081404745578766,92.33539252105003
batch_A_curated_120,CHEMBL5092600,agonist,agonist,True,O=C(Cc1ccccc1)Nc1ccc(CN(Cc2ccccc2)CC2CC2)cc1,0.39891454577445984,93.44776051459674
batch_A_curated_120,CHEMBL5092956,agonist,agonist,True,O=C(Cc1ccccc1)Nc1ccc(NCCc2ccccc2)cc1,1.9290520697832108,92.68635958395245
batch_A_curated_120,CHEMBL5401254,agonist,,False,O=C(Cc1ccccn1)Nc1ccc(-c2ccccc2)cc1,1.92818883061409,94.48895051954479
batch_A_curated_120,CHEMBL5401542,agonist,agonist,True,O=C(NCc1ccccc1)c1ccc2[nH]c3ccc(CC4CC4)cc3c2c1,1.9507947713136673,91.89906311881188
batch_A_curated_120,CHEMBL5408607,agonist,,False,O=C(Cc1ccccc1)Nc1ccc(-c2ccc(C=C3CCCC3)cc2)cc1,2.0215336233377457,94.65639223924865
batch_A_curated_120,CHEMBL5409745,antagonist,antagonist,True,O=C(CN1CCNCC1)Nc1sc2c(c1C(=O)NCc1ccccc1)CCCC2,2.683670938014984,94.00396031746033
batch_A_curated_120,CHEMBL5410038,agonist,agonist,True,O=C(NCc1ccccn1)c1ccc2[nH]c3ccccc3c2c1,1.8900516480207443,93.47121014851484
batch_A_curated_120,CHEMBL5413139,agonist,agonist,True,O=C(Cc1ccccc1)Nc1ccc(-c2ccc(CC3CCCC3)cc2)cc1,2.016008034348488,94.68126322293622
batch_A_curated_120,CHEMBL5418139,antagonist,agonist,False,O=C(Nc1sc2c(c1C(=O)NCc1ccccc1)CCCC2)c1ccncn1,0.7359207570552826,90.12073797719385
batch_A_curated_120,CHEMBL5420330,agonist,agonist,True,O=C(NCc1ccccn1)c1ccc2[nH]c3ccc(CC4CC4)cc3c2c1,1.934174358844757,91.13887995049504
batch_A_curated_120,CHEMBL5424936,antagonist,agonist,False,O=C(CSc1ncccn1)Nc1sc2c(c1C(=O)NCc1ccccc1)CCCC2,0.6724912822246552,93.01772037679723
batch_A_curated_120,CHEMBL5425541,agonist,agonist,True,O=C(NCc1ccccc1)c1ccc2[nH]c3ccccc3c2c1,2.0084185153245926,92.2117745049505
batch_A_curated_120,CHEMBL5431510,agonist,antagonist,False,O=C(NCc1ccccc1)c1ccc2[nH]c3ccc(CC4CCC4)cc3c2c1,0.18431316316127777,91.05882904502721
batch_A_curated_120,CHEMBL5433435,antagonist,agonist,False,O=C(Nc1sc2c(c1C(=O)N1CCCCC1)CCCC2)c1cccnc1,0.7791219055652618,89.67512313803377
batch_A_curated_120,CHEMBL5434833,agonist,,False,O=C(Cc1ccccc1)Nc1ccc(-c2ccc(CC3CCC3)cc2)cc1,1.9116906970739365,94.49144559841741
batch_A_curated_120,CHEMBL5436004,agonist,agonist,True,O=C(Cc1ccccc1)Nc1ccc(-c2ccc(C=C3CCC3)cc2)cc1,1.9091990739107132,94.4112453016815
batch_A_curated_120,CHEMBL5438268,antagonist,agonist,False,O=C(Nc1sc2c(c1C(=O)Nc1ccccc1)CCCC2)c1ccn[nH]1,0.846402570605278,89.97554464285713
batch_A_curated_120,CHEMBL5740366,antagonist,antagonist,True,O=C(Nc1cn[nH]c1)C1CCc2c(-c3ccccc3)nn(C(=O)c3ccccc3C3CC3)c2C1,1.6456798315048218,93.40723461349089
batch_A_curated_120,CHEMBL5740855,antagonist,antagonist,True,O=C(C1CCc2c(-c3ccccc3)nn(C(=O)c3ccccc3C3CC3)c2C1)N1Cc2ncsc2C1,2.122972249984741,92.40010142786804
batch_A_curated_120,CHEMBL5741244,agonist,antagonist,False,O=C(C1=CN(c2ccccc2)C2C=CC=CC12)c1ccccc1,5.204803884029388,93.3711617063492
batch_A_curated_120,CHEMBL5742173,antagonist,antagonist,True,O=C(NCCn1ccnc1)C1CCc2c(-c3ccccc3)nn(C(=O)c3ccccc3C3CC3)c2C1,1.2908782958984375,93.89032923228345
batch_A_curated_120,CHEMBL5755790,antagonist,antagonist,True,O=C(C1CCc2c(C3=CCCCC3)nn(C(=O)c3ccccc3C3CC3)c2C1)N1CCC1,1.6614307165145874,93.72972942336128
batch_A_curated_120,CHEMBL5757163,antagonist,antagonist,True,O=C(C1CCc2c(C3=CCCCC3)nn(C(=O)c3ccccc3C3CC3)c2C1)N1CCCC1,1.5096659660339355,93.33332791728213
batch_A_curated_120,CHEMBL5786443,antagonist,antagonist,True,O=C(Nc1ccccn1)C1CCc2c(C3=CCCCC3)nn(C(=O)c3ccccc3C3CC3)c2C1,1.6448156833648682,93.61590714285714
batch_A_curated_120,CHEMBL5795554,antagonist,antagonist,True,O=C(NCc1cn[nH]c1)C1CCc2c(-c3ccccc3)nn(C(=O)c3ccccc3C3CC3)c2C1,2.034860074520111,93.20733070866142
batch_A_curated_120,CHEMBL5801363,agonist,agonist,True,O=C(Cc1ccccc1)Nc1ccc(C#CCOc2ccccc2)cc1,0.42739804089069366,90.64299010390894
batch_A_curated_120,CHEMBL5817629,antagonist,antagonist,True,O=C(NCCc1cn[nH]c1)C1CCc2c(-c3ccccc3)nn(C(=O)c3ccccc3C3CC3)c2C1,1.4278782606124878,93.86163453025085
batch_A_curated_120,CHEMBL5824934,antagonist,antagonist,True,O=C(C1CCc2c(-c3ccccc3)nn(C(=O)c3ccccc3C3CC3)c2C1)N1CC(N2CCC2)C1,2.366848051548004,92.4275597933071
batch_A_curated_120,CHEMBL5827660,agonist,antagonist,False,O=C(C1=NN(c2ccccc2)C2N=CC=CC12)c1ccccc1C1CC1,3.7618202567100525,94.2761847718254
batch_A_curated_120,CHEMBL5830559,antagonist,antagonist,True,O=C(NCc1ccn[nH]1)C1CCc2c(-c3ccccc3)nn(C(=O)c3ccccc3C3CC3)c2C1,2.023258686065674,92.87636681437715
batch_A_curated_120,CHEMBL5834744,antagonist,antagonist,True,O=C(C1CCc2c(-c3ccccc3)nn(C(=O)c3ccccc3C3CC3)c2C1)N1Cc2nc[nH]c2C1,1.2959378957748413,92.58439222440944
batch_A_curated_120,CHEMBL5847061,antagonist,antagonist,True,O=C(NCc1cscn1)C1CCc2c(-c3ccccc3)nn(C(=O)c3ccccc3C3CC3)c2C1,1.8241798877716064,93.9634940944882
batch_A_curated_120,CHEMBL5852043,antagonist,antagonist,True,O=C(c1ccccc1C1CC1)n1nc(-c2ccccc2)c2c1CCCC2,1.759251356124878,93.40250739280434
batch_A_curated_120,CHEMBL5859342,antagonist,antagonist,True,O=C(c1ccccc1C1CC1)n1cc(-c2ccccc2)c2ncccc21,2.990057647228241,94.43658811881188
batch_A_curated_120,CHEMBL5860429,antagonist,antagonist,True,O=C(NCc1ccon1)C1CCc2c(-c3ccccc3)nn(C(=O)c3ccccc3C3CC3)c2C1,1.6439838409423828,92.57941235844412
batch_A_curated_120,CHEMBL5863097,antagonist,antagonist,True,O=C(C1CCc2c(-c3ccccc3)nn(C(=O)c3ccccc3C3CC3)c2C1)N1CCC2(COC2)C1,1.6849770545959473,93.13642836041359
batch_A_curated_120,CHEMBL5864404,agonist,agonist,True,O=C(Cc1ccccc1)Nc1ccc(OCc2ccccc2)cc1,0.5816456526517868,91.43159534422982
batch_A_curated_120,CHEMBL5864984,agonist,agonist,True,O=C(Cc1ccccc1)NC1=CC2N=C(COc3ccccc3)NC2C=C1,0.736569881439209,91.1330377964427
batch_A_curated_120,CHEMBL5867155,agonist,,False,O=C(Cc1ccccc1)Nc1ccc(OC2(c3ccccc3)CCOCC2)cc1,0.629754364490509,90.89505857637172
batch_A_curated_120,CHEMBL5868879,antagonist,antagonist,True,O=C(C1CCc2c(-c3ccccc3)nn(C(=O)c3ccccc3C3CC3)c2C1)N1CCC2(CCCO2)C1,1.49909508228302,93.13359276574803
batch_A_curated_120,CHEMBL5880629,antagonist,antagonist,True,O=C(C1CCc2c(C3=CCCCC3)nn(C(=O)c3ccccc3C3CC3)c2C1)N1CC2COCC2C1,2.5453869700431824,92.99757428430405
batch_A_curated_120,CHEMBL5900812,antagonist,antagonist,True,O=C(C1CCc2c(-c3ccccc3)nn(C(=O)c3ccccc3C3CC3)c2C1)N1Cc2cn[nH]c2C1,1.2096790075302124,93.07906619094489
batch_A_curated_120,CHEMBL5908482,antagonist,antagonist,True,O=C(C1CCc2c(-c3ccccc3)nn(C(=O)c3ccccc3C3CC3)c2C1)N1CCn2ncnc2C1,1.6523334980010986,92.62073892716535
batch_A_curated_120,CHEMBL5934872,antagonist,antagonist,True,O=C(C1CCc2c(C3=CCCCC3)nn(C(=O)c3ccccc3C3CC3)c2C1)N1CCC2(CCCO2)C1,2.2793822288513184,93.17597853971387
batch_A_curated_120,CHEMBL5937804,antagonist,antagonist,True,O=C(C1CCc2c(-c3ccccc3)nn(C(=O)c3ccccc3C3CC3)c2C1)N1CCOCC1,1.051235318183899,93.5090022178413
batch_A_curated_120,CHEMBL5939878,antagonist,antagonist,True,O=C(C1CCc2c(C3=CCCCC3)nn(C(=O)c3ccccc3C3CC3)c2C1)N1CCC2(COC2)C1,2.0923248529434204,92.95292688330872
batch_A_curated_120,CHEMBL5943552,antagonist,antagonist,True,O=C(C1CCc2c(-c3ccccc3)nn(C(=O)c3ccccc3C3CC3)c2C1)N1CCC(N2CCC2)C1,1.4957002401351929,92.98237647637795
batch_A_curated_120,CHEMBL5949130,antagonist,antagonist,True,O=C(c1ccc2c(-c3ccccc3)nn(Cc3ccccc3)c2c1)N1CCC1,2.5279994010925293,93.90541975308642
batch_A_curated_120,CHEMBL5964745,antagonist,antagonist,True,O=C(C1CCc2c(-c3ccccc3)nn(C(=O)c3ccccc3C3CC3)c2C1)N1CCOC2(CC2)C1,1.3188756704330444,93.32335204332841
batch_A_curated_120,CHEMBL5973554,antagonist,antagonist,True,O=C(C1CCc2c(-c3ccccc3)nn(C(=O)c3ccccc3C3CC3)c2C1)N1CCC1,1.5674431324005127,93.6153340729783
batch_A_curated_120,CHEMBL5977227,antagonist,antagonist,True,O=C(C1CCc2c(-c3ccccc3)nn(C(=O)c3ccccc3C3CC3)c2C1)N1CCc2[nH]ncc2C1,1.5225677490234375,93.11852042322835
batch_A_curated_120,CHEMBL5978464,antagonist,,False,O=C(NCC1CCOCC1)[C@@H]1CC[C@@]2(S(=O)(=O)c3ccccc3)c3ccccc3CC[C@@H]12,0.5336881428956985,90.43686896551725
batch_A_curated_120,CHEMBL5984243,antagonist,antagonist,True,O=C(C1CCc2c(-c3ccccc3)nn(C(=O)c3ccccc3C3CC3)c2C1)N1CCCC1,1.3167200088500977,93.0952744953225
batch_A_curated_120,CHEMBL5996220,antagonist,antagonist,True,O=C(C1CCc2c(-c3ccccc3)nn(C(=O)c3ccccc3C3CC3)c2C1)N1CCCCC1,1.5298579931259155,92.86344704433498
batch_A_curated_120,CHEMBL5997076,antagonist,antagonist,True,O=C(c1ccccc1C1CC1)n1nc(-c2ccccc2)c2ncccc21,3.7507394552230835,93.80138495794162
batch_A_curated_120,CHEMBL6004596,antagonist,antagonist,True,O=C(c1ccc2c(-c3ccccc3)cn(C(=O)c3ccccc3)c2c1)N1CCC1,2.20646470785141,93.49486623889437
batch_A_curated_120,CHEMBL6021812,antagonist,antagonist,True,O=C(C1CCc2c(C3=CCCCC3)nn(C(=O)c3ccccc3C3CC3)c2C1)N1Cc2cn[nH]c2C1,1.3583569526672363,92.94178508124077
batch_A_curated_120,CHEMBL6032768,antagonist,antagonist,True,O=C(C1CCc2c(-c3ccccc3)nn(C(=O)c3ccccc3C3CC3)c2C1)N1CCc2n[nH]cc2C1,1.85221266746521,93.55233964584357
batch_A_curated_120,CHEMBL6034196,antagonist,antagonist,True,O=C(C1CCc2c(-c3ccccc3)nn(C(=O)c3ccccc3C3CC3)c2C1)N1CC2(COC2)C1,1.7932281494140625,93.1690539408867
batch_A_curated_120,CHEMBL6046710,antagonist,antagonist,True,O=C(NCc1cccnc1)C1CCc2c(-c3ccccc3)nn(C(=O)c3ccccc3C3CC3)c2C1,2.2175432443618774,92.90905954724408
batch_A_curated_120,CHEMBL6057772,antagonist,antagonist,True,O=C(C1CCc2c(-c3ccccc3)nn(C(=O)c3ccccc3C3CC3)c2C1)N1CC2(CCCO2)C1,1.5912846326828003,93.09007779419005
batch_A_curated_120,CHEMBL6062185,antagonist,antagonist,True,O=C(C1CCc2c(C3=CCCCC3)nn(C(=O)c3ccccc3C3CC3)c2C1)N1CC2(CCCO2)C1,1.7241665124893188,92.77927709359606
batch_A_curated_120,CHEMBL6065414,antagonist,antagonist,True,O=C(NCc1ccccn1)C1CCc2c(-c3ccccc3)nn(C(=O)c3ccccc3C3CC3)c2C1,2.2978721857070923,93.29425885826771
batch_B_random_150,CHEMBL3218918,agonist,agonist,True,O=C(Nc1cc(-c2ccccc2)no1)c1ccccc1,1.5450392425060273,92.08689147982064
batch_B_random_150,CHEMBL3218919,agonist,agonist,True,O=C(Nc1nc2ccccc2s1)c1cccs1,1.0605574399232864,91.0194923230309
batch_B_random_150,CHEMBL3234252,antagonist,agonist,False,O=C1Nc2ccc(S(=O)(=O)NC3CCNCC3)c3cccc1c23,0.9353214770555496,89.0610140019861
batch_B_random_150,CHEMBL3313998,agonist,agonist,True,O=C(NC1CCOCC1)c1cc(-c2ccc3c(c2)C2(CCO3)CC2)n(CC2CCCCC2)c1,0.14734251499176027,88.59639328063241
batch_B_random_150,CHEMBL3317824,antagonist,antagonist,True,O=S(=O)(Cc1ccccc1)NCc1ccc(N2CCNCC2)cc1,0.80753293633461,92.44775373947499
batch_B_random_150,CHEMBL3317837,antagonist,antagonist,True,O=S(=O)(Cc1ccccc1)NCc1ccc(N2CCNCC2)cc1,0.22444039583206177,90.49963817550818
batch_B_random_150,CHEMBL3361027,antagonist,antagonist,True,O=S(=O)(NCCc1ccccc1)c1ccc(-c2ccccc2)cc1,0.11243031620979309,91.93594400396432
batch_B_random_150,CHEMBL3581540,agonist,antagonist,False,O=S(=O)(c1ccccc1)N(Cc1ccc(N2CCNCC2)cc1)C1CCC1,0.8281045317649841,92.18615173439049
batch_B_random_150,CHEMBL3581546,agonist,antagonist,False,O=S(=O)(c1ccccc1)N(Cc1ccc(N2CCNCC2)cc1)C1CCC1,0.12057523727416992,94.17451550272412
batch_B_random_150,CHEMBL3596270,antagonist,antagonist,True,O=C(c1ccccc1)c1nc(-c2ccccc2)c2n1CCCC2,3.5673192024230955,93.96804033696729
batch_B_random_150,CHEMBL3598076,antagonist,agonist,False,O=C(Nc1ncc(-c2ccn[nH]2)cc1N1CCCCC1)c1ccccc1,1.2208281397819518,91.09844292779425
batch_B_random_150,CHEMBL3609385,agonist,agonist,True,O=C(Cc1ccccc1)Nc1ccc(-c2ccccc2)s1,0.4390709221363068,89.71370049652434
batch_B_random_150,CHEMBL3609388,agonist,agonist,True,O=C(Cc1ccccc1)Nc1ccc(-c2ccccc2)cc1,0.4953888118267059,90.57276784119107
batch_B_random_150,CHEMBL3609400,agonist,agonist,True,O=C(Cc1ccccc1)Nc1ccc(-c2ccccc2)cc1,0.43456555604934693,90.52032037586548
batch_B_random_150,CHEMBL3609412,agonist,agonist,True,O=C(Cc1ccccc1)Nc1ccc(-c2ccccc2)cc1,0.4105515360832214,90.81870113917782
batch_B_random_150,CHEMBL3609414,agonist,agonist,True,O=C(Cc1ccccc1)Nc1ccc(-c2ccccc2)cc1,0.3852398157119751,91.0956210004953
batch_B_random_150,CHEMBL3933290,antagonist,agonist,False,O=C(N1CCCCC1)N1CC[C@](c2ccc(COCc3ccccc3)cc2)(S(=O)(=O)c2ccccc2)C1,0.1976412534713745,91.3250060873834
batch_B_random_150,CHEMBL3962504,antagonist,antagonist,True,O=C(C1CCOCC1)N1CC[C@](c2ccc(COCc3ccccc3)cc2)(S(=O)(=O)c2ccccc2)C1,0.19000744819641113,90.94840796460177
batch_B_random_150,CHEMBL4126216,antagonist,antagonist,True,O=C(NC1CCC1)c1nc(CC2CCCCC2)c(-c2cncc3ccccc23)s1,0.1480868399143219,92.01054590325765
batch_B_random_150,CHEMBL4205062,antagonist,agonist,False,O=C1NC(=O)C(CC(=O)N2CCc3ccccc3[C@@H]2C(=O)Nc2ccccc2)S1,2.419166886806488,89.16437498764212
batch_B_random_150,CHEMBL4206368,antagonist,agonist,False,O=S(=O)(c1ccccc1)N1CCSc2ccccc21,0.5111997663974762,90.59500651851852
batch_B_random_150,CHEMBL4209944,antagonist,agonist,False,c1ccc(-c2cnc3ccc(C(c4cnc[nH]4)c4cncs4)cc3c2)cc1,0.3720816135406494,89.87522129767213
batch_B_random_150,CHEMBL4227729,antagonist,agonist,False,O=S(=O)(Nc1ccccc1)c1ccc(NCC2CCOCC2)cc1,0.1286016285419464,89.54642435643564
batch_B_random_150,CHEMBL4279941,antagonist,agonist,False,O=C(Nc1cnc2[nH]cc(C3CCN(C(=O)C4CCOC4)CC3)c2c1)c1ccccc1,0.3672486186027527,88.58790014844138
batch_B_random_150,CHEMBL4283051,antagonist,agonist,False,O=C(Nc1cnc2[nH]cc(C3CCN(C(=O)C4CCCC4)CC3)c2c1)c1ccccn1,0.25940597653388975,90.90689970297029
batch_B_random_150,CHEMBL4287715,antagonist,agonist,False,O=C(Nc1ccc2[nH]cc(C3CCN(C(=O)C4CCCC4)CC3)c2c1)c1ccccn1,0.821639883518219,89.86202227722772
batch_B_random_150,CHEMBL4292862,antagonist,agonist,False,O=C(Nc1cnc2[nH]cc(C3CCN(C(=O)C4CC4)CC3)c2c1)c1ccccc1,1.711072278022766,89.5622704309064
batch_B_random_150,CHEMBL4435215,antagonist,agonist,False,O=C(Cc1ccnnc1)NC(C(=O)Nc1ccccc1)c1ccccc1,2.1650306820869445,91.55494227923039
batch_B_random_150,CHEMBL4438967,antagonist,agonist,False,c1cncc(C(c2ccc3ncc(CN4CCC4)cc3c2)c2cnn[nH]2)c1,0.7920908689498901,91.97433745059288
batch_B_random_150,CHEMBL4452914,agonist,antagonist,False,O=S(=O)(c1ccccc1)n1ccc2ccc(-c3ccccc3)cc21,2.636418855190277,92.38027048937222
batch_B_random_150,CHEMBL4457391,antagonist,agonist,False,c1cncc(C(c2ccc3ncc(OCC4CC4)cc3c2)c2cnn[nH]2)c1,0.966381448507309,91.83416702970297
batch_B_random_150,CHEMBL4470666,antagonist,agonist,False,O=C(Cc1cccnn1)NC(C(=O)Nc1ccccc1)c1ccccc1,1.3299265414476396,91.5761689195856
batch_B_random_150,CHEMBL4547336,agonist,agonist,True,O=S(=O)(c1ccccc1)n1cnc2ccc(-c3ccccc3)cc21,0.4183543145656586,89.38796948984647
batch_B_random_150,CHEMBL4552142,antagonist,agonist,False,c1cc(C(c2ccc3ncc(CN4CCCCC4)cc3c2)c2cnc[nH]2)ccn1,0.22089958488941192,90.1112121301775
batch_B_random_150,CHEMBL4576948,agonist,agonist,True,O=S(=O)(c1ccccc1)N1CCc2ccc(-c3ccccc3)cc21,0.18445417881011963,92.41111564356436
batch_B_random_150,CHEMBL4648441,antagonist,antagonist,True,O=C(NC1CCS(=O)(=O)CC1)c1nc(C(=O)N2CCCCC2)c(-c2ccccc2)s1,0.28344297409057617,92.97734197044335
batch_B_random_150,CHEMBL4649541,agonist,antagonist,False,O=C(C1CCOCC1)N1CCC(c2ccc(OCc3ccccc3)cc2)(S(=O)(=O)c2ccccc2)C1,0.07839343547821045,93.74714948096886
batch_B_random_150,CHEMBL4745606,agonist,antagonist,False,O=C(Cc1cccnc1)Nc1ccc(Oc2cccnc2)cc1,0.8172249972820282,90.40920644841269
batch_B_random_150,CHEMBL4749158,agonist,agonist,True,O=C(Cc1cccnc1)Nc1ccc(Oc2ccccc2)cc1,0.8371757745742798,94.29472694789082
batch_B_random_150,CHEMBL4754713,agonist,agonist,True,O=C(Cc1cn[nH]c1)Nc1ccc(Oc2ccccc2)cc1,0.7802308946847916,90.13039247152055
batch_B_random_150,CHEMBL4776548,antagonist,agonist,False,O=c1c(NCc2nccs2)nc2cnc(-c3cncnc3C3CC3)nc2n1CC1CC1,0.25391597151756284,88.54519397233202
batch_B_random_150,CHEMBL4777002,agonist,antagonist,False,O=C(Cc1cccnc1)Nc1ccc(Oc2ccccc2)cc1,0.8253345668315888,93.46545307539682
batch_B_random_150,CHEMBL4848879,agonist,agonist,True,O=C(Cc1ccccc1)Nc1ccc(CCN2CCOc3ccccc32)cc1,1.753446626663208,94.11040563519525
batch_B_random_150,CHEMBL4849995,agonist,agonist,True,O=S(=O)(c1ccccc1)N1C[C@H](CC2CCOCC2)Oc2ccc(-c3ccccc3)cc21,0.9351722717285156,92.48545633941787
batch_B_random_150,CHEMBL4851088,agonist,agonist,True,O=C(NCc1ccccn1)c1ccc(CCN2CCCc3ccccc32)cc1,1.7629524230957032,94.01648729609492
batch_B_random_150,CHEMBL4855243,agonist,agonist,True,O=C(NCc1ccccn1)c1ccc(CCN2CCOc3ccccc32)cc1,0.7521773517131806,92.59810771513352
batch_B_random_150,CHEMBL4857191,agonist,agonist,True,O=S(=O)(NCc1ccccc1)N1CCc2cc(N3CCNCC3)ccc2C1,0.41578649282455443,90.32114019801979
batch_B_random_150,CHEMBL4857658,agonist,agonist,True,O=S(=O)(NCc1ccccc1)N1CCc2cc(N3CCNCC3)ccc2C1,1.3258001625537872,90.34744489593658
batch_B_random_150,CHEMBL4861529,antagonist,agonist,False,O=C(CN1CCNCC1)N[C@@H]1CC[C@@]2(S(=O)(=O)c3ccccc3)c3ccccc3CC[C@@H]12,0.08637781143188476,90.96147671097981
batch_B_random_150,CHEMBL4863122,agonist,agonist,True,O=C(Cc1ccccc1)Nc1ccc(CCN2CCCc3ccccc32)cc1,0.847822904586792,92.97146524962926
batch_B_random_150,CHEMBL4866161,agonist,agonist,True,O=S(=O)(c1ccccc1)N1CCOc2ccc(C=Cc3ccccc3)cc21,0.89695103764534,90.09335602766798
batch_B_random_150,CHEMBL4868485,agonist,agonist,True,O=C(Cc1ccccc1)Nc1ccc(CCN2CCCc3ccccc32)cc1,0.7796853601932525,92.36456482213438
batch_B_random_150,CHEMBL4869567,agonist,antagonist,False,O=S(=O)(c1ccccc1)N1C[C@H](CC2CCOCC2)Oc2ccc(-c3ccccc3)cc21,0.7821406066417694,92.03323940886699
batch_B_random_150,CHEMBL4871691,agonist,agonist,True,O=C(Cc1ccccc1)Nc1ccc(CCN2CCCc3ccccc32)cc1,0.7846388339996337,92.21140296442687
batch_B_random_150,CHEMBL4874647,agonist,agonist,True,O=S(=O)(c1ccccc1)N1CCOc2ccc(-c3ccccc3)cc21,0.785589051246643,93.37159574678536
batch_B_random_150,CHEMBL4876485,agonist,antagonist,False,O=S(=O)(NCc1ccccc1)N1CCc2cc(N3CCNCC3)ccc2C1,0.17281781435012816,89.99336303270564
batch_B_random_150,CHEMBL4877008,agonist,agonist,True,O=C(Cc1ccccc1)Nc1ccc(CCN2CCCc3ccccc32)cc1,0.7905493974685669,93.99014364804745
batch_B_random_150,CHEMBL4878238,agonist,agonist,True,O=C(Cc1ccccc1)Nc1ccc(CCN2CCCc3ccccc32)cc1,0.7956745266914368,93.41643410776075
batch_B_random_150,CHEMBL4878616,agonist,agonist,True,O=S(=O)(c1ccccc1)N1CCOc2ccc(C=Cc3ccccc3)cc21,0.16360514163970946,90.65505299060801
batch_B_random_150,CHEMBL5075147,agonist,agonist,True,O=C(Cc1ccccc1)Nc1ccc(CNCC2CCCCC2)cc1,1.664188766479492,90.90588642220021
batch_B_random_150,CHEMBL5082726,agonist,antagonist,False,O=C(NCc1ccccc1)c1ccc2[nH]c(Cc3ccccc3)cc2c1,0.08745861649513245,94.47433280710409
batch_B_random_150,CHEMBL5085004,agonist,agonist,True,O=C(Cc1ccccc1)Nc1ccc(CNCC2CCCCC2)cc1,0.8899696826934814,93.04653504950495
batch_B_random_150,CHEMBL5086937,agonist,antagonist,False,O=C(Cc1ccccc1)Nc1ccc(NCCc2ccccc2)cc1,0.18233675956726075,93.02013432539681
batch_B_random_150,CHEMBL5090647,agonist,agonist,True,O=C(Cc1ccccc1)Nc1ccc(CNCc2ccccc2)cc1,0.8402242124080658,90.68342807539683
batch_B_random_150,CHEMBL5091940,agonist,agonist,True,c1ccc(CCNc2ccc(CNCc3ccccc3)cc2)cc1,1.6280938625335692,91.65694578790882
batch_B_random_150,CHEMBL5177120,antagonist,antagonist,True,C(=C/c1c(-c2ccccc2)noc1-c1cc[nH]c1)/c1ccccc1,3.7024425745010374,94.39588989098118
batch_B_random_150,CHEMBL5273235,antagonist,agonist,False,O=C(Cc1ccccc1)Nc1ccc(-c2nc3ccccc3n2CCc2ccccc2)cc1,1.2953049272298813,91.06432108641975
batch_B_random_150,CHEMBL5289748,antagonist,agonist,False,O=C(Cc1ccccc1)Nc1ccc(-c2nc3ccccc3n2Cc2ccccc2)cc1,0.8902285873889924,91.17401559723594
batch_B_random_150,CHEMBL5410061,agonist,agonist,True,O=C(NCc1ccccc1)c1ccc2[nH]c3ccccc3c2c1,1.5319814264774323,89.39870376237624
batch_B_random_150,CHEMBL5410860,antagonist,antagonist,True,c1ccc(Nc2nc(Oc3ccccc3)nc(-c3ccc(C4CC4)cc3)n2)cc1,2.029942035675049,93.77651524752476
batch_B_random_150,CHEMBL5429680,agonist,antagonist,False,O=C(NCc1ccccc1)c1ccc2[nH]c3ccccc3c2c1,0.8252898752689362,93.92563661553686
batch_B_random_150,CHEMBL5432279,agonist,agonist,True,O=C(NCc1ccccc1)Nc1ccc(-c2ccccc2)cc1,0.8204915344715118,94.47913442136499
batch_B_random_150,CHEMBL5438539,agonist,agonist,True,O=C(NCc1ccccn1)c1ccc2[nH]c3ccccc3c2c1,0.7840660452842713,92.0286059435364
batch_B_random_150,CHEMBL5779116,antagonist,antagonist,True,O=C(NCC[C@H]1CN(S(=O)(=O)c2ccccc2)c2ccccc2O1)C1COC1,0.093354994058609,93.95352152023693
batch_B_random_150,CHEMBL5780772,antagonist,antagonist,True,O=C(c1ccccc1)n1nc(-c2ccccc2)c2ccc(NC3COC3)cc21,3.0382339715957642,93.3483660899654
batch_B_random_150,CHEMBL5785729,agonist,agonist,True,O=C1C=CC2c3nc(-c4ccnc5ccccc45)nc(-c4ncno4)c3CC[C@@H]2C1,1.474600225687027,89.68471489361703
batch_B_random_150,CHEMBL5794612,antagonist,agonist,False,O=C(C[C@@H]1CN(S(=O)(=O)c2ccccc2)c2ccccc2O1)N1CCOC1,1.7000133097171783,90.17099160493828
batch_B_random_150,CHEMBL5803336,agonist,agonist,True,O=C1C=CC2c3ncnc(-c4ccccc4)c3CC[C@@H]2C1,0.4735691487789154,89.01030119284295
batch_B_random_150,CHEMBL5805510,antagonist,agonist,False,O=c1[nH]nc(CC[C@H]2CN(S(=O)(=O)c3cn[nH]c3)c3ccccc3O2)[nH]1,1.0980594217777253,89.81776673247779
batch_B_random_150,CHEMBL5808033,antagonist,antagonist,True,O=C(NC[C@@H]1CC[C@@]2(S(=O)(=O)c3ccccc3)c3ccccc3CC[C@@H]12)c1c[nH]cn1,0.09329413175582886,90.97368526367669
batch_B_random_150,CHEMBL5813818,antagonist,antagonist,True,O=c1[nH]nc(C[C@H]2CN(S(=O)(=O)c3ccccc3)c3ccccc3O2)o1,0.24742351770401,90.3239058765432
batch_B_random_150,CHEMBL5825349,agonist,agonist,True,O=C1C=CC2c3nc(-c4ccncc4)nc(-c4ccccc4)c3CC[C@@H]2C1,1.3029832541942596,91.02067264618435
batch_B_random_150,CHEMBL5832803,antagonist,antagonist,True,O=C(c1ccccc1)n1nc(-c2ccccc2)c2ccc(-c3ccccn3)cc21,2.8025142431259153,94.07035881481481
batch_B_random_150,CHEMBL5834289,antagonist,antagonist,True,O=C(c1ccccc1)n1nc(-c2ccccc2)c2ccc(-c3nnco3)cc21,2.7828725814819335,93.94524713438736
batch_B_random_150,CHEMBL5836020,antagonist,antagonist,True,O=C(NCC1CNC1)C1CCc2c(C3=CCCCC3)nn(C(=O)c3ccccc3C3CC3)c2C1,1.5507556200027466,92.89078491867915
batch_B_random_150,CHEMBL5839073,antagonist,agonist,False,O=C(N[C@@H]1CC[C@@]2(S(=O)(=O)c3ccccc3)c3ccccc3CC[C@@H]12)c1ccncc1,0.386648565530777,90.51809078363726
batch_B_random_150,CHEMBL5850461,agonist,agonist,True,O=C1C=C[C@@]2(c3ccccc3)c3nc(-c4ccnc5ccccc45)nc(-c4ccccc4)c3CC[C@@H]2C1,0.7803678035736084,90.76717691169216
batch_B_random_150,CHEMBL5859429,antagonist,antagonist,True,O=C(CC1CNC1)N[C@@H]1CC[C@@]2(S(=O)(=O)c3ccccc3)c3ccccc3CC[C@@H]12,0.070522940158844,91.70040147492625
batch_B_random_150,CHEMBL5867090,antagonist,antagonist,True,O=C(c1ccccc1C1CC1)n1nc(-c2ccccc2)c2ccccc21,3.6247979402542114,94.11530257680872
batch_B_random_150,CHEMBL5867540,antagonist,antagonist,True,O=C(N[C@H]1CCOC1)C1CCc2c(C3=CCCCC3)nn(C(=O)c3ccccc3C3CC3)c2C1,2.0445178508758546,92.99935248891079
batch_B_random_150,CHEMBL5867825,agonist,agonist,True,O=C1C=CC2c3nc(-c4ccncc4)nc(-c4ccccc4)c3CC[C@@H]2C1,1.0592857778072358,89.13753356401384
batch_B_random_150,CHEMBL5875081,antagonist,antagonist,True,O=C(N[C@@H]1CC[C@@]2(S(=O)(=O)c3ccccc3)c3ccccc3CC[C@@H]12)N1CCCC1,0.10392088890075683,90.30964563824544
batch_B_random_150,CHEMBL5875331,antagonist,agonist,False,O=C(NC[C@H]1CN(S(=O)(=O)c2ccccc2)c2ccccc2O1)C1CC1,0.6425088167190551,89.89309181459566
batch_B_random_150,CHEMBL5877834,antagonist,antagonist,True,O=C(C[C@H]1CN(S(=O)(=O)c2ccccc2)c2ccccc2O1)NCc1nn[nH]n1,0.2553861916065216,92.6705100148002
batch_B_random_150,CHEMBL5880263,antagonist,antagonist,True,O=C(c1ccccc1)n1nc(-c2ccccc2)c2ccc(-c3nnc[nH]3)cc21,3.555923581123352,92.84266109738013
batch_B_random_150,CHEMBL5880489,antagonist,agonist,False,O=S(=O)(c1ccccc1)N1CCOc2ccccc21,0.3162667453289032,91.76628465712875
batch_B_random_150,CHEMBL5890977,antagonist,agonist,False,O=S(=O)(c1c[nH]nc1C1CC1)N1CCOc2ccccc21,0.34848455190658567,88.41853283950618
batch_B_random_150,CHEMBL5892069,agonist,agonist,True,O=C1C=CC2c3nc(-c4ccnc5ccccc45)nc(-c4ccccc4)c3CC[C@@H]2C1,0.8221861898899079,90.44177699901283
batch_B_random_150,CHEMBL5897451,antagonist,antagonist,True,O=C(N[C@@H]1CCNC1)C1CCc2c(C3=CCCCC3)nn(C(=O)c3ccccc3C3CC3)c2C1,2.17038152217865,93.16653809758502
batch_B_random_150,CHEMBL5898496,antagonist,agonist,False,O=S(=O)(c1ccccc1)N1C[C@H](CSc2ccccn2)Oc2ccccc21,0.7172595798969269,89.55515032098765
batch_B_random_150,CHEMBL5902173,agonist,agonist,True,O=C1C=CC2c3nc(-c4ccnc5ccccc45)nc(OCC4CCC4)c3CC[C@@H]2C1,0.9867682874202728,89.84248926274122
batch_B_random_150,CHEMBL5910914,antagonist,antagonist,True,O=S(=O)(c1ccccc1)N1CCOc2ccccc21,0.2935251951217651,91.36312451899359
batch_B_random_150,CHEMBL5918239,agonist,agonist,True,O=C1C=CC2c3nc(-c4cccc5ncccc45)nc(-c4ccccc4)c3CCC[C@@H]2C1,0.8029737323522568,89.21369999999999
batch_B_random_150,CHEMBL5920888,agonist,agonist,True,O=C1C[C@H]2CCc3c(-c4ccccc4)nc(-c4ccnc5ccccc45)nc3C2[C@@H]2OC12,0.9563123166561127,90.27430839920949
batch_B_random_150,CHEMBL5940583,agonist,agonist,True,O=C1C=CC2c3nc(-c4ccnc5ccccc45)nc(OC4CCCC4)c3CC[C@@H]2C1,0.8904482245445251,90.44218180019782
batch_B_random_150,CHEMBL5943144,antagonist,agonist,False,c1cnc2ccc(C(c3cn[nH]c3)c3cnc[nH]3)cc2c1,1.0292278349399566,89.35357103311914
batch_B_random_150,CHEMBL5943390,agonist,agonist,True,O=C1C=CC2c3nc(-c4ccncc4C4CC4)nc(-c4ccccc4)c3CC[C@@H]2C1,1.1651045620441436,90.66832083127164
batch_B_random_150,CHEMBL5944112,antagonist,antagonist,True,O=S(=O)(C[C@H]1CN(S(=O)(=O)c2ccccc2)c2ccccc2O1)c1ncc[nH]1,0.48788281083106994,91.3954385601578
batch_B_random_150,CHEMBL5951176,agonist,agonist,True,O=C1C=CC2c3nc(-c4ccnc5ccccc45)nc(-c4ccccc4)c3CC[C@@H]2C1,0.9039419591426849,90.25133389328063
batch_B_random_150,CHEMBL5953210,agonist,agonist,True,O=C1C=CC2c3nc(-c4cccnc4)nc(-c4ccccc4)c3CC[C@@H]2C1,0.9890893578529358,90.64400208023774
batch_B_random_150,CHEMBL5962887,antagonist,agonist,False,O=S(=O)(c1ccccc1)N1CCOc2ccccc21,0.7022027313709259,89.88005017283952
batch_B_random_150,CHEMBL5965241,antagonist,agonist,False,O=S(=O)(NC[C@@H]1CC[C@@]2(S(=O)(=O)c3ccccc3)c3ccccc3CC[C@@H]12)c1nc[nH]n1,0.251108729839325,91.91268
batch_B_random_150,CHEMBL5972735,antagonist,antagonist,True,O=C1CCCN1CC[C@H]1CN(S(=O)(=O)c2ccccc2)c2ccccc2O1,0.32856602072715757,90.65571528599605
batch_B_random_150,CHEMBL5974193,agonist,agonist,True,O=C1C=CC2c3nc(-c4ccnc5ccccc45)nc(-c4ccccc4)c3CC[C@@H]2C1,0.7133545219898224,90.72924268774703
batch_B_random_150,CHEMBL5984085,antagonist,agonist,False,O=S(=O)(c1ccccc1)N1CCOc2ccccc21,0.45268725156784057,89.52077251606525
batch_B_random_150,CHEMBL5986130,agonist,agonist,True,O=C1C=CC2c3nc(-c4ccnc5ccccc45)nc(-c4ccco4)c3CC[C@@H]2C1,1.7628024458885192,89.61261751608114
batch_B_random_150,CHEMBL5990020,antagonist,antagonist,True,O=C(N[C@@H]1CC[C@@]2(S(=O)(=O)c3ccccc3)c3ccccc3CC[C@@H]12)C1CCS(=O)(=O)CC1,0.0855092704296112,91.16325416051207
batch_B_random_150,CHEMBL5993128,agonist,agonist,True,O=C1C=CC2c3nc(-c4ccnc5ccccc45)nc(N4CCCC4)c3CC[C@@H]2C1,0.9399121880531311,90.21459514851486
batch_B_random_150,CHEMBL5998039,antagonist,agonist,False,O=C(N[C@@H]1CC[C@@]2(S(=O)(=O)c3ccccc3)c3ccccc3CC[C@@H]12)c1cccnc1,0.24298254251480103,89.46164406111384
batch_B_random_150,CHEMBL5998057,antagonist,antagonist,True,O=C(NC[C@@H]1CN(S(=O)(=O)c2ccccc2)c2ccccc2O1)C1CCC1,0.3133824706077576,90.39415520473605
batch_B_random_150,CHEMBL6001168,agonist,agonist,True,O=C1C=CC2c3nc(-c4ccnc5ccccc45)nc(-c4ccccc4)c3CC[C@@H]2C1,0.9017835527658462,89.75869520514088
batch_B_random_150,CHEMBL6003966,antagonist,agonist,False,c1ccc(C(c2ccc3ncc(CN4CCCCC4)cc3c2)C2CCNCC2)cc1,0.9481147170066834,89.00400651208682
batch_B_random_150,CHEMBL6007121,antagonist,antagonist,True,O=C(c1ccccc1C1CC1)n1nc(-c2ccccc2)c2c1CN(CC1CC1)CC2,2.2661468982696533,93.81854182716049
batch_B_random_150,CHEMBL6011105,agonist,agonist,True,O=C1C=CC2c3nc(-c4ccncc4-c4ccccc4)nc(-c4ccccc4)c3CC[C@@H]2C1,0.7158379435539246,90.39327766798418
batch_B_random_150,CHEMBL6016295,agonist,agonist,True,O=C1C=CC2c3nc(-c4ccnc5ccccc45)nc(-c4cccc(-c5ccccc5)c4)c3CC[C@@H]2C1,0.9887834370136261,89.6479043907252
batch_B_random_150,CHEMBL6016819,agonist,agonist,True,O=C1C=CC2C(=C1)CCc1c(-c3ccccc3)nc(-c3ccnc4ccccc34)nc12,0.9497050166130065,89.94717518536827
batch_B_random_150,CHEMBL6023400,agonist,agonist,True,O=C1C=CC2c3nc(-c4ccnc(N5CCOCC5)c4)nc(-c4ccccc4)c3CC[C@@H]2C1,0.774876806139946,89.3776766798419
batch_B_random_150,CHEMBL6023459,agonist,agonist,True,O=C1C=CC2c3nc(-c4ncnc5ccccc45)nc(OC4CCC4)c3CC[C@@H]2C1,1.0823265492916108,90.75963683168317
batch_B_random_150,CHEMBL6028453,antagonist,antagonist,True,O=C([C@@H]1CC[C@@]2(S(=O)(=O)c3ccccc3)c3ccccc3CC[C@@H]12)N1CCS(=O)(=O)CC1,0.08973594903945922,91.67653050763923
batch_B_random_150,CHEMBL6031221,antagonist,antagonist,True,O=C(NC[C@H]1CN(S(=O)(=O)c2ccccc2)c2ccccc2O1)C12CC(C1)C2,0.3389343500137329,90.45171909225456
batch_B_random_150,CHEMBL6034054,antagonist,antagonist,True,O=C(NC1CCC1)[C@@H]1CC[C@@]2(S(=O)(=O)c3ccccc3)c3ccccc3CC[C@@H]12,0.27096020579338076,90.54771793103448
batch_B_random_150,CHEMBL6052651,antagonist,antagonist,True,O=C(N[C@@H]1CC[C@@]2(S(=O)(=O)c3ccccc3)c3ccccc3CC[C@@H]12)c1ccccc1,1.117758971452713,90.00696901131332
batch_B_random_150,CHEMBL6053001,antagonist,antagonist,True,O=C(NC[C@H]1CN(S(=O)(=O)c2ccccc2)c2ccccc2O1)C1CCOC1,0.1822940945625305,91.16010512820512
batch_B_random_150,CHEMBL6055423,agonist,agonist,True,O=C1C=CC2c3nc(-c4cccc5ncccc45)nc(-c4ccccc4)c3C[C@@H]2C1,0.8746438801288605,90.75764908461159
batch_B_random_150,CHEMBL6060615,antagonist,antagonist,True,O=S(=O)(c1ccccc1)N1CCOc2ccccc21,0.10065029859542847,92.30508938271605
batch_B_random_150,CHEMBL6063063,antagonist,antagonist,True,O=S(=O)(C[C@H]1CN(S(=O)(=O)c2ccccc2)c2ccccc2O1)N1CCOCC1,0.23548983931541442,91.6507383325111
batch_B_random_150,CHEMBL6063921,agonist,agonist,True,O=C1C=CC2c3nc(-c4ccncc4)ncc3CC[C@@H]2C1,1.2133107006549835,90.12063187686196
batch_B_random_150,CHEMBL6064848,antagonist,antagonist,True,O=C(NC[C@H]1CN(S(=O)(=O)c2ccccc2)c2ccccc2O1)C1CC1,0.11083050966262817,90.14808266666667
