delta_threshold,balanced_accuracy,pooled_accuracy,agonist_accuracy,antagonist_accuracy
-6.0,0.5038,0.5,1.0,0.0077
-5.75,0.5038,0.5,1.0,0.0077
-5.5,0.4999,0.4961,0.9922,0.0077
-5.25,0.4999,0.4961,0.9922,0.0077
-5.0,0.496,0.4922,0.9844,0.0077
-4.75,0.496,0.4922,0.9844,0.0077
-4.5,0.496,0.4922,0.9844,0.0077
-4.25,0.496,0.4922,0.9844,0.0077
-4.0,0.496,0.4922,0.9844,0.0077
-3.75,0.4999,0.4961,0.9844,0.0154
-3.5,0.5076,0.5039,0.9844,0.0308
-3.25,0.5075,0.5039,0.9766,0.0385
-3.0,0.5191,0.5155,0.9766,0.0615
-2.75,0.5191,0.5155,0.9766,0.0615
-2.5,0.5267,0.5233,0.9766,0.0769
-2.25,0.5306,0.5271,0.9766,0.0846
-2.0,0.5498,0.5465,0.9766,0.1231
-1.75,0.5844,0.5814,0.9766,0.1923
-1.5,0.6114,0.6085,0.9766,0.2462
-1.25,0.6537,0.6512,0.9766,0.3308
-1.0,0.6844,0.6822,0.9766,0.3923
-0.75,0.6882,0.686,0.9688,0.4077
-0.5,0.6843,0.6822,0.9609,0.4077
-0.25,0.6453,0.6434,0.8828,0.4077
0.0,0.6906,0.6899,0.7734,0.6077
0.25,0.5174,0.5194,0.2656,0.7692
0.5,0.5212,0.5233,0.2578,0.7846
0.75,0.5053,0.5078,0.1875,0.8231
1.0,0.4967,0.5,0.0703,0.9231
1.25,0.5043,0.5078,0.0547,0.9538
1.5,0.4964,0.5,0.0312,0.9615
1.75,0.4964,0.5,0.0312,0.9615
2.0,0.4964,0.5,0.0312,0.9615
2.25,0.4964,0.5,0.0312,0.9615
2.5,0.4964,0.5,0.0312,0.9615
2.75,0.4964,0.5,0.0312,0.9615
3.0,0.4964,0.5,0.0312,0.9615
3.25,0.4964,0.5,0.0312,0.9615
3.5,0.4964,0.5,0.0312,0.9615
3.75,0.4925,0.4961,0.0234,0.9615
4.0,0.5078,0.5116,0.0156,1.0
4.25,0.5,0.5039,0.0,1.0
4.5,0.5,0.5039,0.0,1.0
4.75,0.5,0.5039,0.0,1.0
5.0,0.5,0.5039,0.0,1.0
5.25,0.5,0.5039,0.0,1.0
5.5,0.5,0.5039,0.0,1.0
5.75,0.5,0.5039,0.0,1.0
6.0,0.5,0.5039,0.0,1.0
