margin_threshold,agonist_coverage,agonist_n_scored,agonist_accuracy,antagonist_coverage,antagonist_n_scored,antagonist_accuracy
0.0,1.0,128,0.7734,1.0,130,0.6077
0.1,1.0,128,0.8359,1.0,130,0.5692
0.2,1.0,128,0.8359,1.0,130,0.5615
0.3,0.9453,121,0.8926,0.9462,123,0.5366
0.4,0.8984,115,0.9478,0.8923,116,0.5086
0.5,0.8906,114,0.9386,0.8615,112,0.5
0.6,0.8828,113,0.9292,0.8462,110,0.5091
0.7,0.8359,107,0.9252,0.8308,108,0.5185
0.8,0.7891,101,0.9109,0.7462,97,0.5773
0.9,0.75,96,0.9271,0.6692,87,0.6437
1.0,0.7031,90,0.9111,0.6462,84,0.6667
1.1,0.6641,85,0.9294,0.6077,79,0.7089
1.2,0.625,80,0.925,0.5846,76,0.7368
1.3,0.6094,78,0.9231,0.5692,74,0.7432
1.4,0.5781,74,0.9189,0.5462,71,0.7324
1.5,0.5703,73,0.9178,0.5231,68,0.7353
1.6,0.5625,72,0.9167,0.5,65,0.7231
1.7,0.5547,71,0.9155,0.4692,61,0.7213
1.8,0.5469,70,0.9143,0.4385,57,0.7193
1.9,0.5312,68,0.9265,0.4,52,0.6923
2.0,0.5234,67,0.9254,0.3615,47,0.6596
2.1,0.5234,67,0.9254,0.3615,47,0.6596
2.2,0.5234,67,0.9254,0.3462,45,0.6444
2.3,0.5234,67,0.9254,0.3154,41,0.6098
2.4,0.5234,67,0.9254,0.3154,41,0.6098
2.5,0.5234,67,0.9254,0.3,39,0.6154
2.6,0.5156,66,0.9394,0.2769,36,0.5833
2.7,0.5156,66,0.9394,0.2769,36,0.5833
2.8,0.5,64,0.9375,0.2615,34,0.5588
2.9,0.4922,63,0.9365,0.2538,33,0.5455
3.0,0.4844,62,0.9355,0.2308,30,0.5
3.1,0.4844,62,0.9355,0.2231,29,0.4828
3.2,0.4844,62,0.9355,0.2154,28,0.4643
3.3,0.4844,62,0.9355,0.2077,27,0.4444
3.4,0.4844,62,0.9355,0.2077,27,0.4444
3.5,0.4844,62,0.9355,0.2,26,0.4231
3.6,0.4844,62,0.9355,0.1923,25,0.4
3.7,0.4531,58,0.931,0.1923,25,0.4
3.8,0.3516,45,0.9111,0.1538,20,0.4
3.9,0.2344,30,0.8667,0.1,13,0.6154
4.0,0.1719,22,0.9091,0.0923,12,0.6667
