margin_threshold,coverage,n_scored,accuracy_on_scored
0.0,1.0,258,0.6899
0.1,1.0,258,0.7016
0.2,1.0,258,0.6977
0.3,0.9457,244,0.7131
0.4,0.8953,231,0.7273
0.5,0.876,226,0.7212
0.6,0.8643,223,0.722
0.7,0.8333,215,0.7209
0.8,0.7674,198,0.7475
0.9,0.7093,183,0.7923
1.0,0.6744,174,0.7931
1.1,0.6357,164,0.8232
1.2,0.6047,156,0.8333
1.3,0.5891,152,0.8355
1.4,0.562,145,0.8276
1.5,0.5465,141,0.8298
1.6,0.531,137,0.8248
1.7,0.5116,132,0.8258
1.8,0.4922,127,0.8268
1.9,0.4651,120,0.825
2.0,0.4419,114,0.8158
2.1,0.4419,114,0.8158
2.2,0.4341,112,0.8125
2.3,0.4186,108,0.8056
2.4,0.4186,108,0.8056
2.5,0.4109,106,0.8113
2.6,0.3953,102,0.8137
2.7,0.3953,102,0.8137
2.8,0.3798,98,0.8061
2.9,0.3721,96,0.8021
3.0,0.3566,92,0.7935
3.1,0.3527,91,0.7912
3.2,0.3488,90,0.7889
3.3,0.345,89,0.7865
3.4,0.345,89,0.7865
3.5,0.3411,88,0.7841
3.6,0.3372,87,0.7816
3.7,0.3217,83,0.7711
3.8,0.2519,65,0.7538
3.9,0.1667,43,0.7907
4.0,0.1318,34,0.8235
