file,min_dist_peptide_to_groove470_510,min_dist_peptide_to_H12_479_486
out/coactivator/H2_coactivator_cofold/seed_42/H2_coactivator_cofold_seed_42_sample_10_model.cif,2.145939640344062,8.998313007447562
out/coactivator/H2_coactivator_cofold/seed_42/H2_coactivator_cofold_seed_42_sample_1_model.cif,2.2562736425354077,10.342004311060792
out/coactivator/H2_coactivator_cofold/seed_42/H2_coactivator_cofold_seed_42_sample_2_model.cif,2.2783229907104916,7.152327179317234
out/coactivator/H2_coactivator_cofold/seed_42/H2_coactivator_cofold_seed_42_sample_3_model.cif,2.349558956485237,13.04444432162597
out/coactivator/H2_coactivator_cofold/seed_42/H2_coactivator_cofold_seed_42_sample_4_model.cif,1.766128574028515,8.792966963431628
out/coactivator/H2_coactivator_cofold/seed_42/H2_coactivator_cofold_seed_42_sample_5_model.cif,2.2334600735182173,8.692748105748837
out/coactivator/H2_coactivator_cofold/seed_42/H2_coactivator_cofold_seed_42_sample_6_model.cif,2.203175678424216,11.08995156617016
out/coactivator/H2_coactivator_cofold/seed_42/H2_coactivator_cofold_seed_42_sample_7_model.cif,1.7499349530768276,10.294428647088676
out/coactivator/H2_coactivator_cofold/seed_42/H2_coactivator_cofold_seed_42_sample_8_model.cif,2.3294295202903212,8.804219855273947
out/coactivator/H2_coactivator_cofold/seed_42/H2_coactivator_cofold_seed_42_sample_9_model.cif,2.3361537920265443,9.147123846324593
out/coactivator/H2_coactivator_cofold/seed_43/H2_coactivator_cofold_seed_43_sample_10_model.cif,2.3423572421814733,8.69956925255498
out/coactivator/H2_coactivator_cofold/seed_43/H2_coactivator_cofold_seed_43_sample_1_model.cif,2.185584310888052,11.391730681507529
out/coactivator/H2_coactivator_cofold/seed_43/H2_coactivator_cofold_seed_43_sample_2_model.cif,2.5347284844732383,11.90856601400857
out/coactivator/H2_coactivator_cofold/seed_43/H2_coactivator_cofold_seed_43_sample_3_model.cif,2.3031516059521566,9.547189080038166
out/coactivator/H2_coactivator_cofold/seed_43/H2_coactivator_cofold_seed_43_sample_4_model.cif,2.2789590913397286,8.981948451199216
out/coactivator/H2_coactivator_cofold/seed_43/H2_coactivator_cofold_seed_43_sample_5_model.cif,2.2908715568534173,9.805573265750454
out/coactivator/H2_coactivator_cofold/seed_43/H2_coactivator_cofold_seed_43_sample_6_model.cif,2.428137776156863,10.895510099577715
out/coactivator/H2_coactivator_cofold/seed_43/H2_coactivator_cofold_seed_43_sample_7_model.cif,2.4890315807558565,10.353670623020609
out/coactivator/H2_coactivator_cofold/seed_43/H2_coactivator_cofold_seed_43_sample_8_model.cif,2.3069947572545546,9.16237830969667
out/coactivator/H2_coactivator_cofold/seed_43/H2_coactivator_cofold_seed_43_sample_9_model.cif,2.1869973068113264,10.599189786960132
out/coactivator/H2_coactivator_cofold/seed_44/H2_coactivator_cofold_seed_44_sample_10_model.cif,2.2499120027236614,8.400121288410068
out/coactivator/H2_coactivator_cofold/seed_44/H2_coactivator_cofold_seed_44_sample_1_model.cif,2.473269453577592,8.847782832438872
out/coactivator/H2_coactivator_cofold/seed_44/H2_coactivator_cofold_seed_44_sample_2_model.cif,2.075073767363463,9.681968967622236
out/coactivator/H2_coactivator_cofold/seed_44/H2_coactivator_cofold_seed_44_sample_3_model.cif,1.8984131399671662,12.577791492149963
out/coactivator/H2_coactivator_cofold/seed_44/H2_coactivator_cofold_seed_44_sample_4_model.cif,2.2013405756493025,11.511329204744342
out/coactivator/H2_coactivator_cofold/seed_44/H2_coactivator_cofold_seed_44_sample_5_model.cif,2.5883478050679356,11.473722530199169
out/coactivator/H2_coactivator_cofold/seed_44/H2_coactivator_cofold_seed_44_sample_6_model.cif,2.583832490700587,12.161616108889476
out/coactivator/H2_coactivator_cofold/seed_44/H2_coactivator_cofold_seed_44_sample_7_model.cif,2.317589927057848,10.960610861170103
out/coactivator/H2_coactivator_cofold/seed_44/H2_coactivator_cofold_seed_44_sample_8_model.cif,2.233910260059702,8.835641562444687
out/coactivator/H2_coactivator_cofold/seed_44/H2_coactivator_cofold_seed_44_sample_9_model.cif,2.344121528419549,9.54906578362512
out/coactivator/H2_coactivator_cofold/seed_45/H2_coactivator_cofold_seed_45_sample_10_model.cif,2.32476080705091,8.479062873926576
out/coactivator/H2_coactivator_cofold/seed_45/H2_coactivator_cofold_seed_45_sample_1_model.cif,2.2065775422585996,9.619334928153815
out/coactivator/H2_coactivator_cofold/seed_45/H2_coactivator_cofold_seed_45_sample_2_model.cif,2.48871012976602,8.398123376683627
out/coactivator/H2_coactivator_cofold/seed_45/H2_coactivator_cofold_seed_45_sample_3_model.cif,2.182630067143767,8.785568603681837
out/coactivator/H2_coactivator_cofold/seed_45/H2_coactivator_cofold_seed_45_sample_4_model.cif,2.4196892155812075,12.884626623616223
out/coactivator/H2_coactivator_cofold/seed_45/H2_coactivator_cofold_seed_45_sample_5_model.cif,1.8019213551095954,11.851138262631148
out/coactivator/H2_coactivator_cofold/seed_45/H2_coactivator_cofold_seed_45_sample_6_model.cif,2.2259463021375874,9.698283675991334
out/coactivator/H2_coactivator_cofold/seed_45/H2_coactivator_cofold_seed_45_sample_7_model.cif,2.5331932891115914,10.534025325107207
out/coactivator/H2_coactivator_cofold/seed_45/H2_coactivator_cofold_seed_45_sample_8_model.cif,1.9150612548949952,8.952374645310595
out/coactivator/H2_coactivator_cofold/seed_45/H2_coactivator_cofold_seed_45_sample_9_model.cif,2.2398249619110864,8.020413281745524
out/coactivator/H2_coactivator_cofold/seed_46/H2_coactivator_cofold_seed_46_sample_10_model.cif,2.438126668161438,8.737667561197325
out/coactivator/H2_coactivator_cofold/seed_46/H2_coactivator_cofold_seed_46_sample_1_model.cif,2.2585978349409626,8.759516850260635
out/coactivator/H2_coactivator_cofold/seed_46/H2_coactivator_cofold_seed_46_sample_2_model.cif,2.282643000996871,8.025631326568647
out/coactivator/H2_coactivator_cofold/seed_46/H2_coactivator_cofold_seed_46_sample_3_model.cif,2.3945652507292423,9.938790299125946
out/coactivator/H2_coactivator_cofold/seed_46/H2_coactivator_cofold_seed_46_sample_4_model.cif,2.382977790496588,9.508474574294238
out/coactivator/H2_coactivator_cofold/seed_46/H2_coactivator_cofold_seed_46_sample_5_model.cif,2.4272274079698426,9.219351449532663
out/coactivator/H2_coactivator_cofold/seed_46/H2_coactivator_cofold_seed_46_sample_6_model.cif,2.226952127909354,8.331940826722187
out/coactivator/H2_coactivator_cofold/seed_46/H2_coactivator_cofold_seed_46_sample_7_model.cif,2.2291049975270334,9.209589042948657
out/coactivator/H2_coactivator_cofold/seed_46/H2_coactivator_cofold_seed_46_sample_8_model.cif,2.241445439889181,8.681887874189576
out/coactivator/H2_coactivator_cofold/seed_46/H2_coactivator_cofold_seed_46_sample_9_model.cif,1.7825928587313498,10.550416816884535
