model_cif_path,mean_plddt
h2_posthoc/out/coactivator/H2_coactivator_cofold/seed_42/H2_coactivator_cofold_seed_42_sample_10_model.cif,94.075
h2_posthoc/out/coactivator/H2_coactivator_cofold/seed_42/H2_coactivator_cofold_seed_42_sample_1_model.cif,94.243
h2_posthoc/out/coactivator/H2_coactivator_cofold/seed_42/H2_coactivator_cofold_seed_42_sample_2_model.cif,94.228
h2_posthoc/out/coactivator/H2_coactivator_cofold/seed_42/H2_coactivator_cofold_seed_42_sample_3_model.cif,93.97
h2_posthoc/out/coactivator/H2_coactivator_cofold/seed_42/H2_coactivator_cofold_seed_42_sample_4_model.cif,94.207
h2_posthoc/out/coactivator/H2_coactivator_cofold/seed_42/H2_coactivator_cofold_seed_42_sample_5_model.cif,93.861
h2_posthoc/out/coactivator/H2_coactivator_cofold/seed_42/H2_coactivator_cofold_seed_42_sample_6_model.cif,94.063
h2_posthoc/out/coactivator/H2_coactivator_cofold/seed_42/H2_coactivator_cofold_seed_42_sample_7_model.cif,93.742
h2_posthoc/out/coactivator/H2_coactivator_cofold/seed_42/H2_coactivator_cofold_seed_42_sample_8_model.cif,93.997
h2_posthoc/out/coactivator/H2_coactivator_cofold/seed_42/H2_coactivator_cofold_seed_42_sample_9_model.cif,94.174
h2_posthoc/out/coactivator/H2_coactivator_cofold/seed_43/H2_coactivator_cofold_seed_43_sample_10_model.cif,94.375
h2_posthoc/out/coactivator/H2_coactivator_cofold/seed_43/H2_coactivator_cofold_seed_43_sample_1_model.cif,94.128
h2_posthoc/out/coactivator/H2_coactivator_cofold/seed_43/H2_coactivator_cofold_seed_43_sample_2_model.cif,93.939
h2_posthoc/out/coactivator/H2_coactivator_cofold/seed_43/H2_coactivator_cofold_seed_43_sample_3_model.cif,94.061
h2_posthoc/out/coactivator/H2_coactivator_cofold/seed_43/H2_coactivator_cofold_seed_43_sample_4_model.cif,94.093
h2_posthoc/out/coactivator/H2_coactivator_cofold/seed_43/H2_coactivator_cofold_seed_43_sample_5_model.cif,94.319
h2_posthoc/out/coactivator/H2_coactivator_cofold/seed_43/H2_coactivator_cofold_seed_43_sample_6_model.cif,93.949
h2_posthoc/out/coactivator/H2_coactivator_cofold/seed_43/H2_coactivator_cofold_seed_43_sample_7_model.cif,93.86
h2_posthoc/out/coactivator/H2_coactivator_cofold/seed_43/H2_coactivator_cofold_seed_43_sample_8_model.cif,94.413
h2_posthoc/out/coactivator/H2_coactivator_cofold/seed_43/H2_coactivator_cofold_seed_43_sample_9_model.cif,94.314
h2_posthoc/out/coactivator/H2_coactivator_cofold/seed_44/H2_coactivator_cofold_seed_44_sample_10_model.cif,94.304
h2_posthoc/out/coactivator/H2_coactivator_cofold/seed_44/H2_coactivator_cofold_seed_44_sample_1_model.cif,94.287
h2_posthoc/out/coactivator/H2_coactivator_cofold/seed_44/H2_coactivator_cofold_seed_44_sample_2_model.cif,94.397
h2_posthoc/out/coactivator/H2_coactivator_cofold/seed_44/H2_coactivator_cofold_seed_44_sample_3_model.cif,94.264
h2_posthoc/out/coactivator/H2_coactivator_cofold/seed_44/H2_coactivator_cofold_seed_44_sample_4_model.cif,94.309
h2_posthoc/out/coactivator/H2_coactivator_cofold/seed_44/H2_coactivator_cofold_seed_44_sample_5_model.cif,94.535
h2_posthoc/out/coactivator/H2_coactivator_cofold/seed_44/H2_coactivator_cofold_seed_44_sample_6_model.cif,94.302
h2_posthoc/out/coactivator/H2_coactivator_cofold/seed_44/H2_coactivator_cofold_seed_44_sample_7_model.cif,94.033
h2_posthoc/out/coactivator/H2_coactivator_cofold/seed_44/H2_coactivator_cofold_seed_44_sample_8_model.cif,94.241
h2_posthoc/out/coactivator/H2_coactivator_cofold/seed_44/H2_coactivator_cofold_seed_44_sample_9_model.cif,94.204
h2_posthoc/out/coactivator/H2_coactivator_cofold/seed_45/H2_coactivator_cofold_seed_45_sample_10_model.cif,94.353
h2_posthoc/out/coactivator/H2_coactivator_cofold/seed_45/H2_coactivator_cofold_seed_45_sample_1_model.cif,94.184
h2_posthoc/out/coactivator/H2_coactivator_cofold/seed_45/H2_coactivator_cofold_seed_45_sample_2_model.cif,94.291
h2_posthoc/out/coactivator/H2_coactivator_cofold/seed_45/H2_coactivator_cofold_seed_45_sample_3_model.cif,93.933
h2_posthoc/out/coactivator/H2_coactivator_cofold/seed_45/H2_coactivator_cofold_seed_45_sample_4_model.cif,93.778
h2_posthoc/out/coactivator/H2_coactivator_cofold/seed_45/H2_coactivator_cofold_seed_45_sample_5_model.cif,93.691
h2_posthoc/out/coactivator/H2_coactivator_cofold/seed_45/H2_coactivator_cofold_seed_45_sample_6_model.cif,94.137
h2_posthoc/out/coactivator/H2_coactivator_cofold/seed_45/H2_coactivator_cofold_seed_45_sample_7_model.cif,94.182
h2_posthoc/out/coactivator/H2_coactivator_cofold/seed_45/H2_coactivator_cofold_seed_45_sample_8_model.cif,94.325
h2_posthoc/out/coactivator/H2_coactivator_cofold/seed_45/H2_coactivator_cofold_seed_45_sample_9_model.cif,94.358
h2_posthoc/out/coactivator/H2_coactivator_cofold/seed_46/H2_coactivator_cofold_seed_46_sample_10_model.cif,94.12
h2_posthoc/out/coactivator/H2_coactivator_cofold/seed_46/H2_coactivator_cofold_seed_46_sample_1_model.cif,94.405
h2_posthoc/out/coactivator/H2_coactivator_cofold/seed_46/H2_coactivator_cofold_seed_46_sample_2_model.cif,94.445
h2_posthoc/out/coactivator/H2_coactivator_cofold/seed_46/H2_coactivator_cofold_seed_46_sample_3_model.cif,94.412
h2_posthoc/out/coactivator/H2_coactivator_cofold/seed_46/H2_coactivator_cofold_seed_46_sample_4_model.cif,94.41
h2_posthoc/out/coactivator/H2_coactivator_cofold/seed_46/H2_coactivator_cofold_seed_46_sample_5_model.cif,94.401
h2_posthoc/out/coactivator/H2_coactivator_cofold/seed_46/H2_coactivator_cofold_seed_46_sample_6_model.cif,94.172
h2_posthoc/out/coactivator/H2_coactivator_cofold/seed_46/H2_coactivator_cofold_seed_46_sample_7_model.cif,94.392
h2_posthoc/out/coactivator/H2_coactivator_cofold/seed_46/H2_coactivator_cofold_seed_46_sample_8_model.cif,94.32
h2_posthoc/out/coactivator/H2_coactivator_cofold/seed_46/H2_coactivator_cofold_seed_46_sample_9_model.cif,94.181
h2_posthoc/out/coactivator_d1/H4_D1_coactivator_agonist_HC2/seed_42/H4_D1_coactivator_agonist_HC2_seed_42_sample_10_model.cif,46.625
h2_posthoc/out/coactivator_d1/H4_D1_coactivator_agonist_HC2/seed_42/H4_D1_coactivator_agonist_HC2_seed_42_sample_1_model.cif,46.033
h2_posthoc/out/coactivator_d1/H4_D1_coactivator_agonist_HC2/seed_42/H4_D1_coactivator_agonist_HC2_seed_42_sample_2_model.cif,46.849
h2_posthoc/out/coactivator_d1/H4_D1_coactivator_agonist_HC2/seed_42/H4_D1_coactivator_agonist_HC2_seed_42_sample_3_model.cif,43.73
h2_posthoc/out/coactivator_d1/H4_D1_coactivator_agonist_HC2/seed_42/H4_D1_coactivator_agonist_HC2_seed_42_sample_4_model.cif,43.12
h2_posthoc/out/coactivator_d1/H4_D1_coactivator_agonist_HC2/seed_42/H4_D1_coactivator_agonist_HC2_seed_42_sample_5_model.cif,43.356
h2_posthoc/out/coactivator_d1/H4_D1_coactivator_agonist_HC2/seed_42/H4_D1_coactivator_agonist_HC2_seed_42_sample_6_model.cif,44.848
h2_posthoc/out/coactivator_d1/H4_D1_coactivator_agonist_HC2/seed_42/H4_D1_coactivator_agonist_HC2_seed_42_sample_7_model.cif,46.347
h2_posthoc/out/coactivator_d1/H4_D1_coactivator_agonist_HC2/seed_42/H4_D1_coactivator_agonist_HC2_seed_42_sample_8_model.cif,44.351
h2_posthoc/out/coactivator_d1/H4_D1_coactivator_agonist_HC2/seed_42/H4_D1_coactivator_agonist_HC2_seed_42_sample_9_model.cif,43.429
h2_posthoc/out/coactivator_d1/H4_D1_coactivator_agonist_HC2/seed_43/H4_D1_coactivator_agonist_HC2_seed_43_sample_10_model.cif,43.872
h2_posthoc/out/coactivator_d1/H4_D1_coactivator_agonist_HC2/seed_43/H4_D1_coactivator_agonist_HC2_seed_43_sample_1_model.cif,43.821
h2_posthoc/out/coactivator_d1/H4_D1_coactivator_agonist_HC2/seed_43/H4_D1_coactivator_agonist_HC2_seed_43_sample_2_model.cif,43.957
h2_posthoc/out/coactivator_d1/H4_D1_coactivator_agonist_HC2/seed_43/H4_D1_coactivator_agonist_HC2_seed_43_sample_3_model.cif,43.868
h2_posthoc/out/coactivator_d1/H4_D1_coactivator_agonist_HC2/seed_43/H4_D1_coactivator_agonist_HC2_seed_43_sample_4_model.cif,44.716
h2_posthoc/out/coactivator_d1/H4_D1_coactivator_agonist_HC2/seed_43/H4_D1_coactivator_agonist_HC2_seed_43_sample_5_model.cif,46.617
h2_posthoc/out/coactivator_d1/H4_D1_coactivator_agonist_HC2/seed_43/H4_D1_coactivator_agonist_HC2_seed_43_sample_6_model.cif,45.803
h2_posthoc/out/coactivator_d1/H4_D1_coactivator_agonist_HC2/seed_43/H4_D1_coactivator_agonist_HC2_seed_43_sample_7_model.cif,47.208
h2_posthoc/out/coactivator_d1/H4_D1_coactivator_agonist_HC2/seed_43/H4_D1_coactivator_agonist_HC2_seed_43_sample_8_model.cif,43.898
h2_posthoc/out/coactivator_d1/H4_D1_coactivator_agonist_HC2/seed_43/H4_D1_coactivator_agonist_HC2_seed_43_sample_9_model.cif,43.358
h2_posthoc/out/coactivator_d1/H4_D1_coactivator_agonist_HC2/seed_44/H4_D1_coactivator_agonist_HC2_seed_44_sample_10_model.cif,46.279
h2_posthoc/out/coactivator_d1/H4_D1_coactivator_agonist_HC2/seed_44/H4_D1_coactivator_agonist_HC2_seed_44_sample_1_model.cif,44.003
h2_posthoc/out/coactivator_d1/H4_D1_coactivator_agonist_HC2/seed_44/H4_D1_coactivator_agonist_HC2_seed_44_sample_2_model.cif,44.253
h2_posthoc/out/coactivator_d1/H4_D1_coactivator_agonist_HC2/seed_44/H4_D1_coactivator_agonist_HC2_seed_44_sample_3_model.cif,46.904
h2_posthoc/out/coactivator_d1/H4_D1_coactivator_agonist_HC2/seed_44/H4_D1_coactivator_agonist_HC2_seed_44_sample_4_model.cif,40.585
h2_posthoc/out/coactivator_d1/H4_D1_coactivator_agonist_HC2/seed_44/H4_D1_coactivator_agonist_HC2_seed_44_sample_5_model.cif,44.605
h2_posthoc/out/coactivator_d1/H4_D1_coactivator_agonist_HC2/seed_44/H4_D1_coactivator_agonist_HC2_seed_44_sample_6_model.cif,45.025
h2_posthoc/out/coactivator_d1/H4_D1_coactivator_agonist_HC2/seed_44/H4_D1_coactivator_agonist_HC2_seed_44_sample_7_model.cif,45.682
h2_posthoc/out/coactivator_d1/H4_D1_coactivator_agonist_HC2/seed_44/H4_D1_coactivator_agonist_HC2_seed_44_sample_8_model.cif,46.152
h2_posthoc/out/coactivator_d1/H4_D1_coactivator_agonist_HC2/seed_44/H4_D1_coactivator_agonist_HC2_seed_44_sample_9_model.cif,46.961
h2_posthoc/out/coactivator_d1/H4_D1_coactivator_agonist_HC2/seed_45/H4_D1_coactivator_agonist_HC2_seed_45_sample_10_model.cif,44.348
h2_posthoc/out/coactivator_d1/H4_D1_coactivator_agonist_HC2/seed_45/H4_D1_coactivator_agonist_HC2_seed_45_sample_1_model.cif,45.022
h2_posthoc/out/coactivator_d1/H4_D1_coactivator_agonist_HC2/seed_45/H4_D1_coactivator_agonist_HC2_seed_45_sample_2_model.cif,44.837
h2_posthoc/out/coactivator_d1/H4_D1_coactivator_agonist_HC2/seed_45/H4_D1_coactivator_agonist_HC2_seed_45_sample_3_model.cif,45.316
h2_posthoc/out/coactivator_d1/H4_D1_coactivator_agonist_HC2/seed_45/H4_D1_coactivator_agonist_HC2_seed_45_sample_4_model.cif,43.964
h2_posthoc/out/coactivator_d1/H4_D1_coactivator_agonist_HC2/seed_45/H4_D1_coactivator_agonist_HC2_seed_45_sample_5_model.cif,44.745
h2_posthoc/out/coactivator_d1/H4_D1_coactivator_agonist_HC2/seed_45/H4_D1_coactivator_agonist_HC2_seed_45_sample_6_model.cif,44.914
h2_posthoc/out/coactivator_d1/H4_D1_coactivator_agonist_HC2/seed_45/H4_D1_coactivator_agonist_HC2_seed_45_sample_7_model.cif,44.4
h2_posthoc/out/coactivator_d1/H4_D1_coactivator_agonist_HC2/seed_45/H4_D1_coactivator_agonist_HC2_seed_45_sample_8_model.cif,43.002
h2_posthoc/out/coactivator_d1/H4_D1_coactivator_agonist_HC2/seed_45/H4_D1_coactivator_agonist_HC2_seed_45_sample_9_model.cif,44.252
h2_posthoc/out/coactivator_d1/H4_D1_coactivator_agonist_HC2/seed_46/H4_D1_coactivator_agonist_HC2_seed_46_sample_10_model.cif,48.204
h2_posthoc/out/coactivator_d1/H4_D1_coactivator_agonist_HC2/seed_46/H4_D1_coactivator_agonist_HC2_seed_46_sample_1_model.cif,46.175
h2_posthoc/out/coactivator_d1/H4_D1_coactivator_agonist_HC2/seed_46/H4_D1_coactivator_agonist_HC2_seed_46_sample_2_model.cif,43.951
h2_posthoc/out/coactivator_d1/H4_D1_coactivator_agonist_HC2/seed_46/H4_D1_coactivator_agonist_HC2_seed_46_sample_3_model.cif,45.339
h2_posthoc/out/coactivator_d1/H4_D1_coactivator_agonist_HC2/seed_46/H4_D1_coactivator_agonist_HC2_seed_46_sample_4_model.cif,44.294
h2_posthoc/out/coactivator_d1/H4_D1_coactivator_agonist_HC2/seed_46/H4_D1_coactivator_agonist_HC2_seed_46_sample_5_model.cif,45.838
h2_posthoc/out/coactivator_d1/H4_D1_coactivator_agonist_HC2/seed_46/H4_D1_coactivator_agonist_HC2_seed_46_sample_6_model.cif,43.267
h2_posthoc/out/coactivator_d1/H4_D1_coactivator_agonist_HC2/seed_46/H4_D1_coactivator_agonist_HC2_seed_46_sample_7_model.cif,44.134
h2_posthoc/out/coactivator_d1/H4_D1_coactivator_agonist_HC2/seed_46/H4_D1_coactivator_agonist_HC2_seed_46_sample_8_model.cif,43.844
h2_posthoc/out/coactivator_d1/H4_D1_coactivator_agonist_HC2/seed_46/H4_D1_coactivator_agonist_HC2_seed_46_sample_9_model.cif,46.99
h2_posthoc/out/depth_48/H2_msa_titration/seed_42/H2_msa_titration_seed_42_sample_10_model.cif,60.389
h2_posthoc/out/depth_48/H2_msa_titration/seed_42/H2_msa_titration_seed_42_sample_1_model.cif,58.775
h2_posthoc/out/depth_48/H2_msa_titration/seed_42/H2_msa_titration_seed_42_sample_2_model.cif,63.343
h2_posthoc/out/depth_48/H2_msa_titration/seed_42/H2_msa_titration_seed_42_sample_3_model.cif,56.987
h2_posthoc/out/depth_48/H2_msa_titration/seed_42/H2_msa_titration_seed_42_sample_4_model.cif,59.984
h2_posthoc/out/depth_48/H2_msa_titration/seed_42/H2_msa_titration_seed_42_sample_5_model.cif,57.207
h2_posthoc/out/depth_48/H2_msa_titration/seed_42/H2_msa_titration_seed_42_sample_6_model.cif,61.257
h2_posthoc/out/depth_48/H2_msa_titration/seed_42/H2_msa_titration_seed_42_sample_7_model.cif,58.929
h2_posthoc/out/depth_48/H2_msa_titration/seed_42/H2_msa_titration_seed_42_sample_8_model.cif,57.706
h2_posthoc/out/depth_48/H2_msa_titration/seed_42/H2_msa_titration_seed_42_sample_9_model.cif,60.768
h2_posthoc/out/depth_48/H2_msa_titration/seed_43/H2_msa_titration_seed_43_sample_10_model.cif,49.565
h2_posthoc/out/depth_48/H2_msa_titration/seed_43/H2_msa_titration_seed_43_sample_1_model.cif,62.177
h2_posthoc/out/depth_48/H2_msa_titration/seed_43/H2_msa_titration_seed_43_sample_2_model.cif,57.538
h2_posthoc/out/depth_48/H2_msa_titration/seed_43/H2_msa_titration_seed_43_sample_3_model.cif,58.33
h2_posthoc/out/depth_48/H2_msa_titration/seed_43/H2_msa_titration_seed_43_sample_4_model.cif,59.357
h2_posthoc/out/depth_48/H2_msa_titration/seed_43/H2_msa_titration_seed_43_sample_5_model.cif,60.403
h2_posthoc/out/depth_48/H2_msa_titration/seed_43/H2_msa_titration_seed_43_sample_6_model.cif,57.441
h2_posthoc/out/depth_48/H2_msa_titration/seed_43/H2_msa_titration_seed_43_sample_7_model.cif,59.107
h2_posthoc/out/depth_48/H2_msa_titration/seed_43/H2_msa_titration_seed_43_sample_8_model.cif,56.703
h2_posthoc/out/depth_48/H2_msa_titration/seed_43/H2_msa_titration_seed_43_sample_9_model.cif,66.138
h2_posthoc/out/depth_48/H2_msa_titration/seed_44/H2_msa_titration_seed_44_sample_10_model.cif,58.781
h2_posthoc/out/depth_48/H2_msa_titration/seed_44/H2_msa_titration_seed_44_sample_1_model.cif,60.371
h2_posthoc/out/depth_48/H2_msa_titration/seed_44/H2_msa_titration_seed_44_sample_2_model.cif,59.618
h2_posthoc/out/depth_48/H2_msa_titration/seed_44/H2_msa_titration_seed_44_sample_3_model.cif,62.999
h2_posthoc/out/depth_48/H2_msa_titration/seed_44/H2_msa_titration_seed_44_sample_4_model.cif,51.93
h2_posthoc/out/depth_48/H2_msa_titration/seed_44/H2_msa_titration_seed_44_sample_5_model.cif,58.263
h2_posthoc/out/depth_48/H2_msa_titration/seed_44/H2_msa_titration_seed_44_sample_6_model.cif,54.662
h2_posthoc/out/depth_48/H2_msa_titration/seed_44/H2_msa_titration_seed_44_sample_7_model.cif,57.482
h2_posthoc/out/depth_48/H2_msa_titration/seed_44/H2_msa_titration_seed_44_sample_8_model.cif,55.05
h2_posthoc/out/depth_48/H2_msa_titration/seed_44/H2_msa_titration_seed_44_sample_9_model.cif,58.012
h2_posthoc/out/depth_48/H2_msa_titration/seed_45/H2_msa_titration_seed_45_sample_10_model.cif,59.487
h2_posthoc/out/depth_48/H2_msa_titration/seed_45/H2_msa_titration_seed_45_sample_1_model.cif,57.753
h2_posthoc/out/depth_48/H2_msa_titration/seed_45/H2_msa_titration_seed_45_sample_2_model.cif,58.834
h2_posthoc/out/depth_48/H2_msa_titration/seed_45/H2_msa_titration_seed_45_sample_3_model.cif,62.207
h2_posthoc/out/depth_48/H2_msa_titration/seed_45/H2_msa_titration_seed_45_sample_4_model.cif,58.947
h2_posthoc/out/depth_48/H2_msa_titration/seed_45/H2_msa_titration_seed_45_sample_5_model.cif,61.473
h2_posthoc/out/depth_48/H2_msa_titration/seed_45/H2_msa_titration_seed_45_sample_6_model.cif,63.417
h2_posthoc/out/depth_48/H2_msa_titration/seed_45/H2_msa_titration_seed_45_sample_7_model.cif,60.364
h2_posthoc/out/depth_48/H2_msa_titration/seed_45/H2_msa_titration_seed_45_sample_8_model.cif,61.243
h2_posthoc/out/depth_48/H2_msa_titration/seed_45/H2_msa_titration_seed_45_sample_9_model.cif,62.9
h2_posthoc/out/depth_48/H2_msa_titration/seed_46/H2_msa_titration_seed_46_sample_10_model.cif,59.439
h2_posthoc/out/depth_48/H2_msa_titration/seed_46/H2_msa_titration_seed_46_sample_1_model.cif,61.983
h2_posthoc/out/depth_48/H2_msa_titration/seed_46/H2_msa_titration_seed_46_sample_2_model.cif,56.349
h2_posthoc/out/depth_48/H2_msa_titration/seed_46/H2_msa_titration_seed_46_sample_3_model.cif,59.771
h2_posthoc/out/depth_48/H2_msa_titration/seed_46/H2_msa_titration_seed_46_sample_4_model.cif,58.113
h2_posthoc/out/depth_48/H2_msa_titration/seed_46/H2_msa_titration_seed_46_sample_5_model.cif,63.952
h2_posthoc/out/depth_48/H2_msa_titration/seed_46/H2_msa_titration_seed_46_sample_6_model.cif,57.611
h2_posthoc/out/depth_48/H2_msa_titration/seed_46/H2_msa_titration_seed_46_sample_7_model.cif,56.037
h2_posthoc/out/depth_48/H2_msa_titration/seed_46/H2_msa_titration_seed_46_sample_8_model.cif,59.132
h2_posthoc/out/depth_48/H2_msa_titration/seed_46/H2_msa_titration_seed_46_sample_9_model.cif,57.896
h2_posthoc/out/depth_64/H2_msa_titration/seed_42/H2_msa_titration_seed_42_sample_10_model.cif,72.444
h2_posthoc/out/depth_64/H2_msa_titration/seed_42/H2_msa_titration_seed_42_sample_1_model.cif,66.089
h2_posthoc/out/depth_64/H2_msa_titration/seed_42/H2_msa_titration_seed_42_sample_2_model.cif,72.23
h2_posthoc/out/depth_64/H2_msa_titration/seed_42/H2_msa_titration_seed_42_sample_3_model.cif,72.227
h2_posthoc/out/depth_64/H2_msa_titration/seed_42/H2_msa_titration_seed_42_sample_4_model.cif,71.644
h2_posthoc/out/depth_64/H2_msa_titration/seed_42/H2_msa_titration_seed_42_sample_5_model.cif,63.395
h2_posthoc/out/depth_64/H2_msa_titration/seed_42/H2_msa_titration_seed_42_sample_6_model.cif,71.124
h2_posthoc/out/depth_64/H2_msa_titration/seed_42/H2_msa_titration_seed_42_sample_7_model.cif,67.534
h2_posthoc/out/depth_64/H2_msa_titration/seed_42/H2_msa_titration_seed_42_sample_8_model.cif,64.012
h2_posthoc/out/depth_64/H2_msa_titration/seed_42/H2_msa_titration_seed_42_sample_9_model.cif,77.665
h2_posthoc/out/depth_64/H2_msa_titration/seed_43/H2_msa_titration_seed_43_sample_10_model.cif,62.027
h2_posthoc/out/depth_64/H2_msa_titration/seed_43/H2_msa_titration_seed_43_sample_1_model.cif,64.451
h2_posthoc/out/depth_64/H2_msa_titration/seed_43/H2_msa_titration_seed_43_sample_2_model.cif,68.609
h2_posthoc/out/depth_64/H2_msa_titration/seed_43/H2_msa_titration_seed_43_sample_3_model.cif,71.037
h2_posthoc/out/depth_64/H2_msa_titration/seed_43/H2_msa_titration_seed_43_sample_4_model.cif,69.293
h2_posthoc/out/depth_64/H2_msa_titration/seed_43/H2_msa_titration_seed_43_sample_5_model.cif,66.036
h2_posthoc/out/depth_64/H2_msa_titration/seed_43/H2_msa_titration_seed_43_sample_6_model.cif,67.909
h2_posthoc/out/depth_64/H2_msa_titration/seed_43/H2_msa_titration_seed_43_sample_7_model.cif,62.871
h2_posthoc/out/depth_64/H2_msa_titration/seed_43/H2_msa_titration_seed_43_sample_8_model.cif,65.139
h2_posthoc/out/depth_64/H2_msa_titration/seed_43/H2_msa_titration_seed_43_sample_9_model.cif,70.864
h2_posthoc/out/depth_64/H2_msa_titration/seed_44/H2_msa_titration_seed_44_sample_10_model.cif,62.606
h2_posthoc/out/depth_64/H2_msa_titration/seed_44/H2_msa_titration_seed_44_sample_1_model.cif,66.66
h2_posthoc/out/depth_64/H2_msa_titration/seed_44/H2_msa_titration_seed_44_sample_2_model.cif,63.644
h2_posthoc/out/depth_64/H2_msa_titration/seed_44/H2_msa_titration_seed_44_sample_3_model.cif,66.286
h2_posthoc/out/depth_64/H2_msa_titration/seed_44/H2_msa_titration_seed_44_sample_4_model.cif,69.21
h2_posthoc/out/depth_64/H2_msa_titration/seed_44/H2_msa_titration_seed_44_sample_5_model.cif,62.747
h2_posthoc/out/depth_64/H2_msa_titration/seed_44/H2_msa_titration_seed_44_sample_6_model.cif,62.45
h2_posthoc/out/depth_64/H2_msa_titration/seed_44/H2_msa_titration_seed_44_sample_7_model.cif,62.751
h2_posthoc/out/depth_64/H2_msa_titration/seed_44/H2_msa_titration_seed_44_sample_8_model.cif,65.792
h2_posthoc/out/depth_64/H2_msa_titration/seed_44/H2_msa_titration_seed_44_sample_9_model.cif,67.501
h2_posthoc/out/depth_64/H2_msa_titration/seed_45/H2_msa_titration_seed_45_sample_10_model.cif,67.386
h2_posthoc/out/depth_64/H2_msa_titration/seed_45/H2_msa_titration_seed_45_sample_1_model.cif,73.305
h2_posthoc/out/depth_64/H2_msa_titration/seed_45/H2_msa_titration_seed_45_sample_2_model.cif,66.837
h2_posthoc/out/depth_64/H2_msa_titration/seed_45/H2_msa_titration_seed_45_sample_3_model.cif,71.315
h2_posthoc/out/depth_64/H2_msa_titration/seed_45/H2_msa_titration_seed_45_sample_4_model.cif,78.419
h2_posthoc/out/depth_64/H2_msa_titration/seed_45/H2_msa_titration_seed_45_sample_5_model.cif,66.666
h2_posthoc/out/depth_64/H2_msa_titration/seed_45/H2_msa_titration_seed_45_sample_6_model.cif,64.865
h2_posthoc/out/depth_64/H2_msa_titration/seed_45/H2_msa_titration_seed_45_sample_7_model.cif,79.968
h2_posthoc/out/depth_64/H2_msa_titration/seed_45/H2_msa_titration_seed_45_sample_8_model.cif,71.832
h2_posthoc/out/depth_64/H2_msa_titration/seed_45/H2_msa_titration_seed_45_sample_9_model.cif,67.07
h2_posthoc/out/depth_64/H2_msa_titration/seed_46/H2_msa_titration_seed_46_sample_10_model.cif,61.684
h2_posthoc/out/depth_64/H2_msa_titration/seed_46/H2_msa_titration_seed_46_sample_1_model.cif,66.483
h2_posthoc/out/depth_64/H2_msa_titration/seed_46/H2_msa_titration_seed_46_sample_2_model.cif,63.475
h2_posthoc/out/depth_64/H2_msa_titration/seed_46/H2_msa_titration_seed_46_sample_3_model.cif,73.61
h2_posthoc/out/depth_64/H2_msa_titration/seed_46/H2_msa_titration_seed_46_sample_4_model.cif,66.413
h2_posthoc/out/depth_64/H2_msa_titration/seed_46/H2_msa_titration_seed_46_sample_5_model.cif,73.489
h2_posthoc/out/depth_64/H2_msa_titration/seed_46/H2_msa_titration_seed_46_sample_6_model.cif,65.483
h2_posthoc/out/depth_64/H2_msa_titration/seed_46/H2_msa_titration_seed_46_sample_7_model.cif,67.027
h2_posthoc/out/depth_64/H2_msa_titration/seed_46/H2_msa_titration_seed_46_sample_8_model.cif,65.805
h2_posthoc/out/depth_64/H2_msa_titration/seed_46/H2_msa_titration_seed_46_sample_9_model.cif,63.908
h2_posthoc/out/depth_96/H2_msa_titration/seed_42/H2_msa_titration_seed_42_sample_10_model.cif,80.6
h2_posthoc/out/depth_96/H2_msa_titration/seed_42/H2_msa_titration_seed_42_sample_1_model.cif,80.417
h2_posthoc/out/depth_96/H2_msa_titration/seed_42/H2_msa_titration_seed_42_sample_2_model.cif,78.877
h2_posthoc/out/depth_96/H2_msa_titration/seed_42/H2_msa_titration_seed_42_sample_3_model.cif,81.003
h2_posthoc/out/depth_96/H2_msa_titration/seed_42/H2_msa_titration_seed_42_sample_4_model.cif,79.428
h2_posthoc/out/depth_96/H2_msa_titration/seed_42/H2_msa_titration_seed_42_sample_5_model.cif,79.425
h2_posthoc/out/depth_96/H2_msa_titration/seed_42/H2_msa_titration_seed_42_sample_6_model.cif,81.067
h2_posthoc/out/depth_96/H2_msa_titration/seed_42/H2_msa_titration_seed_42_sample_7_model.cif,79.904
h2_posthoc/out/depth_96/H2_msa_titration/seed_42/H2_msa_titration_seed_42_sample_8_model.cif,78.337
h2_posthoc/out/depth_96/H2_msa_titration/seed_42/H2_msa_titration_seed_42_sample_9_model.cif,81.545
h2_posthoc/out/depth_96/H2_msa_titration/seed_43/H2_msa_titration_seed_43_sample_10_model.cif,79.447
h2_posthoc/out/depth_96/H2_msa_titration/seed_43/H2_msa_titration_seed_43_sample_1_model.cif,79.948
h2_posthoc/out/depth_96/H2_msa_titration/seed_43/H2_msa_titration_seed_43_sample_2_model.cif,80.547
h2_posthoc/out/depth_96/H2_msa_titration/seed_43/H2_msa_titration_seed_43_sample_3_model.cif,80.535
h2_posthoc/out/depth_96/H2_msa_titration/seed_43/H2_msa_titration_seed_43_sample_4_model.cif,80.534
h2_posthoc/out/depth_96/H2_msa_titration/seed_43/H2_msa_titration_seed_43_sample_5_model.cif,80.693
h2_posthoc/out/depth_96/H2_msa_titration/seed_43/H2_msa_titration_seed_43_sample_6_model.cif,80.009
h2_posthoc/out/depth_96/H2_msa_titration/seed_43/H2_msa_titration_seed_43_sample_7_model.cif,80.812
h2_posthoc/out/depth_96/H2_msa_titration/seed_43/H2_msa_titration_seed_43_sample_8_model.cif,79.862
h2_posthoc/out/depth_96/H2_msa_titration/seed_43/H2_msa_titration_seed_43_sample_9_model.cif,78.329
h2_posthoc/out/depth_96/H2_msa_titration/seed_44/H2_msa_titration_seed_44_sample_10_model.cif,77.234
h2_posthoc/out/depth_96/H2_msa_titration/seed_44/H2_msa_titration_seed_44_sample_1_model.cif,77.27
h2_posthoc/out/depth_96/H2_msa_titration/seed_44/H2_msa_titration_seed_44_sample_2_model.cif,78.359
h2_posthoc/out/depth_96/H2_msa_titration/seed_44/H2_msa_titration_seed_44_sample_3_model.cif,78.393
h2_posthoc/out/depth_96/H2_msa_titration/seed_44/H2_msa_titration_seed_44_sample_4_model.cif,77.088
h2_posthoc/out/depth_96/H2_msa_titration/seed_44/H2_msa_titration_seed_44_sample_5_model.cif,76.452
h2_posthoc/out/depth_96/H2_msa_titration/seed_44/H2_msa_titration_seed_44_sample_6_model.cif,74.406
h2_posthoc/out/depth_96/H2_msa_titration/seed_44/H2_msa_titration_seed_44_sample_7_model.cif,70.441
h2_posthoc/out/depth_96/H2_msa_titration/seed_44/H2_msa_titration_seed_44_sample_8_model.cif,75.958
h2_posthoc/out/depth_96/H2_msa_titration/seed_44/H2_msa_titration_seed_44_sample_9_model.cif,79.063
h2_posthoc/out/depth_96/H2_msa_titration/seed_45/H2_msa_titration_seed_45_sample_10_model.cif,75.439
h2_posthoc/out/depth_96/H2_msa_titration/seed_45/H2_msa_titration_seed_45_sample_1_model.cif,74.921
h2_posthoc/out/depth_96/H2_msa_titration/seed_45/H2_msa_titration_seed_45_sample_2_model.cif,72.803
h2_posthoc/out/depth_96/H2_msa_titration/seed_45/H2_msa_titration_seed_45_sample_3_model.cif,74.774
h2_posthoc/out/depth_96/H2_msa_titration/seed_45/H2_msa_titration_seed_45_sample_4_model.cif,76.575
h2_posthoc/out/depth_96/H2_msa_titration/seed_45/H2_msa_titration_seed_45_sample_5_model.cif,75.071
h2_posthoc/out/depth_96/H2_msa_titration/seed_45/H2_msa_titration_seed_45_sample_6_model.cif,75.297
h2_posthoc/out/depth_96/H2_msa_titration/seed_45/H2_msa_titration_seed_45_sample_7_model.cif,73.886
h2_posthoc/out/depth_96/H2_msa_titration/seed_45/H2_msa_titration_seed_45_sample_8_model.cif,73.628
h2_posthoc/out/depth_96/H2_msa_titration/seed_45/H2_msa_titration_seed_45_sample_9_model.cif,75.401
h2_posthoc/out/depth_96/H2_msa_titration/seed_46/H2_msa_titration_seed_46_sample_10_model.cif,77.864
h2_posthoc/out/depth_96/H2_msa_titration/seed_46/H2_msa_titration_seed_46_sample_1_model.cif,80.306
h2_posthoc/out/depth_96/H2_msa_titration/seed_46/H2_msa_titration_seed_46_sample_2_model.cif,73.989
h2_posthoc/out/depth_96/H2_msa_titration/seed_46/H2_msa_titration_seed_46_sample_3_model.cif,79.353
h2_posthoc/out/depth_96/H2_msa_titration/seed_46/H2_msa_titration_seed_46_sample_4_model.cif,73.912
h2_posthoc/out/depth_96/H2_msa_titration/seed_46/H2_msa_titration_seed_46_sample_5_model.cif,76.455
h2_posthoc/out/depth_96/H2_msa_titration/seed_46/H2_msa_titration_seed_46_sample_6_model.cif,80.011
h2_posthoc/out/depth_96/H2_msa_titration/seed_46/H2_msa_titration_seed_46_sample_7_model.cif,79.719
h2_posthoc/out/depth_96/H2_msa_titration/seed_46/H2_msa_titration_seed_46_sample_8_model.cif,78.991
h2_posthoc/out/depth_96/H2_msa_titration/seed_46/H2_msa_titration_seed_46_sample_9_model.cif,80.641
h2_posthoc/out/template_3kyt/H2_msa_titration/seed_42/H2_msa_titration_seed_42_sample_10_model.cif,90.589
h2_posthoc/out/template_3kyt/H2_msa_titration/seed_42/H2_msa_titration_seed_42_sample_1_model.cif,90.9
h2_posthoc/out/template_3kyt/H2_msa_titration/seed_42/H2_msa_titration_seed_42_sample_2_model.cif,89.5
h2_posthoc/out/template_3kyt/H2_msa_titration/seed_42/H2_msa_titration_seed_42_sample_3_model.cif,90.245
h2_posthoc/out/template_3kyt/H2_msa_titration/seed_42/H2_msa_titration_seed_42_sample_4_model.cif,90.989
h2_posthoc/out/template_3kyt/H2_msa_titration/seed_42/H2_msa_titration_seed_42_sample_5_model.cif,89.898
h2_posthoc/out/template_3kyt/H2_msa_titration/seed_42/H2_msa_titration_seed_42_sample_6_model.cif,90.02
h2_posthoc/out/template_3kyt/H2_msa_titration/seed_42/H2_msa_titration_seed_42_sample_7_model.cif,90.318
h2_posthoc/out/template_3kyt/H2_msa_titration/seed_42/H2_msa_titration_seed_42_sample_8_model.cif,90.194
h2_posthoc/out/template_3kyt/H2_msa_titration/seed_42/H2_msa_titration_seed_42_sample_9_model.cif,90.644
h2_posthoc/out/template_3kyt/H2_msa_titration/seed_43/H2_msa_titration_seed_43_sample_10_model.cif,90.455
h2_posthoc/out/template_3kyt/H2_msa_titration/seed_43/H2_msa_titration_seed_43_sample_1_model.cif,90.99
h2_posthoc/out/template_3kyt/H2_msa_titration/seed_43/H2_msa_titration_seed_43_sample_2_model.cif,90.477
h2_posthoc/out/template_3kyt/H2_msa_titration/seed_43/H2_msa_titration_seed_43_sample_3_model.cif,90.347
h2_posthoc/out/template_3kyt/H2_msa_titration/seed_43/H2_msa_titration_seed_43_sample_4_model.cif,90.282
h2_posthoc/out/template_3kyt/H2_msa_titration/seed_43/H2_msa_titration_seed_43_sample_5_model.cif,89.812
h2_posthoc/out/template_3kyt/H2_msa_titration/seed_43/H2_msa_titration_seed_43_sample_6_model.cif,91.083
h2_posthoc/out/template_3kyt/H2_msa_titration/seed_43/H2_msa_titration_seed_43_sample_7_model.cif,89.544
h2_posthoc/out/template_3kyt/H2_msa_titration/seed_43/H2_msa_titration_seed_43_sample_8_model.cif,90.193
h2_posthoc/out/template_3kyt/H2_msa_titration/seed_43/H2_msa_titration_seed_43_sample_9_model.cif,90.722
h2_posthoc/out/template_3kyt/H2_msa_titration/seed_44/H2_msa_titration_seed_44_sample_10_model.cif,90.325
h2_posthoc/out/template_3kyt/H2_msa_titration/seed_44/H2_msa_titration_seed_44_sample_1_model.cif,89.526
h2_posthoc/out/template_3kyt/H2_msa_titration/seed_44/H2_msa_titration_seed_44_sample_2_model.cif,90.601
h2_posthoc/out/template_3kyt/H2_msa_titration/seed_44/H2_msa_titration_seed_44_sample_3_model.cif,90.929
h2_posthoc/out/template_3kyt/H2_msa_titration/seed_44/H2_msa_titration_seed_44_sample_4_model.cif,90.189
h2_posthoc/out/template_3kyt/H2_msa_titration/seed_44/H2_msa_titration_seed_44_sample_5_model.cif,91.246
h2_posthoc/out/template_3kyt/H2_msa_titration/seed_44/H2_msa_titration_seed_44_sample_6_model.cif,90.344
h2_posthoc/out/template_3kyt/H2_msa_titration/seed_44/H2_msa_titration_seed_44_sample_7_model.cif,90.036
h2_posthoc/out/template_3kyt/H2_msa_titration/seed_44/H2_msa_titration_seed_44_sample_8_model.cif,89.448
h2_posthoc/out/template_3kyt/H2_msa_titration/seed_44/H2_msa_titration_seed_44_sample_9_model.cif,90.065
h2_posthoc/out/template_3kyt/H2_msa_titration/seed_45/H2_msa_titration_seed_45_sample_10_model.cif,90.329
h2_posthoc/out/template_3kyt/H2_msa_titration/seed_45/H2_msa_titration_seed_45_sample_1_model.cif,90.257
h2_posthoc/out/template_3kyt/H2_msa_titration/seed_45/H2_msa_titration_seed_45_sample_2_model.cif,90.6
h2_posthoc/out/template_3kyt/H2_msa_titration/seed_45/H2_msa_titration_seed_45_sample_3_model.cif,89.342
h2_posthoc/out/template_3kyt/H2_msa_titration/seed_45/H2_msa_titration_seed_45_sample_4_model.cif,91.31
h2_posthoc/out/template_3kyt/H2_msa_titration/seed_45/H2_msa_titration_seed_45_sample_5_model.cif,90.092
h2_posthoc/out/template_3kyt/H2_msa_titration/seed_45/H2_msa_titration_seed_45_sample_6_model.cif,90.449
h2_posthoc/out/template_3kyt/H2_msa_titration/seed_45/H2_msa_titration_seed_45_sample_7_model.cif,90.255
h2_posthoc/out/template_3kyt/H2_msa_titration/seed_45/H2_msa_titration_seed_45_sample_8_model.cif,89.809
h2_posthoc/out/template_3kyt/H2_msa_titration/seed_45/H2_msa_titration_seed_45_sample_9_model.cif,90.807
h2_posthoc/out/template_3kyt/H2_msa_titration/seed_46/H2_msa_titration_seed_46_sample_10_model.cif,90.643
h2_posthoc/out/template_3kyt/H2_msa_titration/seed_46/H2_msa_titration_seed_46_sample_1_model.cif,90.156
h2_posthoc/out/template_3kyt/H2_msa_titration/seed_46/H2_msa_titration_seed_46_sample_2_model.cif,90.411
h2_posthoc/out/template_3kyt/H2_msa_titration/seed_46/H2_msa_titration_seed_46_sample_3_model.cif,90.205
h2_posthoc/out/template_3kyt/H2_msa_titration/seed_46/H2_msa_titration_seed_46_sample_4_model.cif,90.667
h2_posthoc/out/template_3kyt/H2_msa_titration/seed_46/H2_msa_titration_seed_46_sample_5_model.cif,90.206
h2_posthoc/out/template_3kyt/H2_msa_titration/seed_46/H2_msa_titration_seed_46_sample_6_model.cif,89.898
h2_posthoc/out/template_3kyt/H2_msa_titration/seed_46/H2_msa_titration_seed_46_sample_7_model.cif,90.47
h2_posthoc/out/template_3kyt/H2_msa_titration/seed_46/H2_msa_titration_seed_46_sample_8_model.cif,89.601
h2_posthoc/out/template_3kyt/H2_msa_titration/seed_46/H2_msa_titration_seed_46_sample_9_model.cif,89.839
h2_posthoc/out/template_4zjw/H2_msa_titration/seed_42/H2_msa_titration_seed_42_sample_10_model.cif,91.348
h2_posthoc/out/template_4zjw/H2_msa_titration/seed_42/H2_msa_titration_seed_42_sample_1_model.cif,91.63
h2_posthoc/out/template_4zjw/H2_msa_titration/seed_42/H2_msa_titration_seed_42_sample_2_model.cif,89.542
h2_posthoc/out/template_4zjw/H2_msa_titration/seed_42/H2_msa_titration_seed_42_sample_3_model.cif,90.103
h2_posthoc/out/template_4zjw/H2_msa_titration/seed_42/H2_msa_titration_seed_42_sample_4_model.cif,90.279
h2_posthoc/out/template_4zjw/H2_msa_titration/seed_42/H2_msa_titration_seed_42_sample_5_model.cif,90.334
h2_posthoc/out/template_4zjw/H2_msa_titration/seed_42/H2_msa_titration_seed_42_sample_6_model.cif,90.991
h2_posthoc/out/template_4zjw/H2_msa_titration/seed_42/H2_msa_titration_seed_42_sample_7_model.cif,90.441
h2_posthoc/out/template_4zjw/H2_msa_titration/seed_42/H2_msa_titration_seed_42_sample_8_model.cif,91.029
h2_posthoc/out/template_4zjw/H2_msa_titration/seed_42/H2_msa_titration_seed_42_sample_9_model.cif,90.007
h2_posthoc/out/template_4zjw/H2_msa_titration/seed_43/H2_msa_titration_seed_43_sample_10_model.cif,90.093
h2_posthoc/out/template_4zjw/H2_msa_titration/seed_43/H2_msa_titration_seed_43_sample_1_model.cif,89.665
h2_posthoc/out/template_4zjw/H2_msa_titration/seed_43/H2_msa_titration_seed_43_sample_2_model.cif,90.518
h2_posthoc/out/template_4zjw/H2_msa_titration/seed_43/H2_msa_titration_seed_43_sample_3_model.cif,90.3
h2_posthoc/out/template_4zjw/H2_msa_titration/seed_43/H2_msa_titration_seed_43_sample_4_model.cif,89.942
h2_posthoc/out/template_4zjw/H2_msa_titration/seed_43/H2_msa_titration_seed_43_sample_5_model.cif,90.147
h2_posthoc/out/template_4zjw/H2_msa_titration/seed_43/H2_msa_titration_seed_43_sample_6_model.cif,91.626
h2_posthoc/out/template_4zjw/H2_msa_titration/seed_43/H2_msa_titration_seed_43_sample_7_model.cif,91.123
h2_posthoc/out/template_4zjw/H2_msa_titration/seed_43/H2_msa_titration_seed_43_sample_8_model.cif,90.995
h2_posthoc/out/template_4zjw/H2_msa_titration/seed_43/H2_msa_titration_seed_43_sample_9_model.cif,90.001
h2_posthoc/out/template_4zjw/H2_msa_titration/seed_44/H2_msa_titration_seed_44_sample_10_model.cif,91.096
h2_posthoc/out/template_4zjw/H2_msa_titration/seed_44/H2_msa_titration_seed_44_sample_1_model.cif,90.633
h2_posthoc/out/template_4zjw/H2_msa_titration/seed_44/H2_msa_titration_seed_44_sample_2_model.cif,89.981
h2_posthoc/out/template_4zjw/H2_msa_titration/seed_44/H2_msa_titration_seed_44_sample_3_model.cif,90.716
h2_posthoc/out/template_4zjw/H2_msa_titration/seed_44/H2_msa_titration_seed_44_sample_4_model.cif,91.288
h2_posthoc/out/template_4zjw/H2_msa_titration/seed_44/H2_msa_titration_seed_44_sample_5_model.cif,90.469
h2_posthoc/out/template_4zjw/H2_msa_titration/seed_44/H2_msa_titration_seed_44_sample_6_model.cif,90.335
h2_posthoc/out/template_4zjw/H2_msa_titration/seed_44/H2_msa_titration_seed_44_sample_7_model.cif,89.826
h2_posthoc/out/template_4zjw/H2_msa_titration/seed_44/H2_msa_titration_seed_44_sample_8_model.cif,90.356
h2_posthoc/out/template_4zjw/H2_msa_titration/seed_44/H2_msa_titration_seed_44_sample_9_model.cif,89.908
h2_posthoc/out/template_4zjw/H2_msa_titration/seed_45/H2_msa_titration_seed_45_sample_10_model.cif,89.988
h2_posthoc/out/template_4zjw/H2_msa_titration/seed_45/H2_msa_titration_seed_45_sample_1_model.cif,90.331
h2_posthoc/out/template_4zjw/H2_msa_titration/seed_45/H2_msa_titration_seed_45_sample_2_model.cif,91.161
h2_posthoc/out/template_4zjw/H2_msa_titration/seed_45/H2_msa_titration_seed_45_sample_3_model.cif,90.431
h2_posthoc/out/template_4zjw/H2_msa_titration/seed_45/H2_msa_titration_seed_45_sample_4_model.cif,90.86
h2_posthoc/out/template_4zjw/H2_msa_titration/seed_45/H2_msa_titration_seed_45_sample_5_model.cif,90.118
h2_posthoc/out/template_4zjw/H2_msa_titration/seed_45/H2_msa_titration_seed_45_sample_6_model.cif,89.829
h2_posthoc/out/template_4zjw/H2_msa_titration/seed_45/H2_msa_titration_seed_45_sample_7_model.cif,90.197
h2_posthoc/out/template_4zjw/H2_msa_titration/seed_45/H2_msa_titration_seed_45_sample_8_model.cif,91.093
h2_posthoc/out/template_4zjw/H2_msa_titration/seed_45/H2_msa_titration_seed_45_sample_9_model.cif,91.537
h2_posthoc/out/template_4zjw/H2_msa_titration/seed_46/H2_msa_titration_seed_46_sample_10_model.cif,90.959
h2_posthoc/out/template_4zjw/H2_msa_titration/seed_46/H2_msa_titration_seed_46_sample_1_model.cif,90.172
h2_posthoc/out/template_4zjw/H2_msa_titration/seed_46/H2_msa_titration_seed_46_sample_2_model.cif,90.355
h2_posthoc/out/template_4zjw/H2_msa_titration/seed_46/H2_msa_titration_seed_46_sample_3_model.cif,90.805
h2_posthoc/out/template_4zjw/H2_msa_titration/seed_46/H2_msa_titration_seed_46_sample_4_model.cif,90.981
h2_posthoc/out/template_4zjw/H2_msa_titration/seed_46/H2_msa_titration_seed_46_sample_5_model.cif,89.636
h2_posthoc/out/template_4zjw/H2_msa_titration/seed_46/H2_msa_titration_seed_46_sample_6_model.cif,90.701
h2_posthoc/out/template_4zjw/H2_msa_titration/seed_46/H2_msa_titration_seed_46_sample_7_model.cif,90.812
h2_posthoc/out/template_4zjw/H2_msa_titration/seed_46/H2_msa_titration_seed_46_sample_8_model.cif,90.336
h2_posthoc/out/template_4zjw/H2_msa_titration/seed_46/H2_msa_titration_seed_46_sample_9_model.cif,90.505
h2_posthoc/out/template_5c4o/H2_msa_titration/seed_42/H2_msa_titration_seed_42_sample_10_model.cif,91.327
h2_posthoc/out/template_5c4o/H2_msa_titration/seed_42/H2_msa_titration_seed_42_sample_1_model.cif,91.045
h2_posthoc/out/template_5c4o/H2_msa_titration/seed_42/H2_msa_titration_seed_42_sample_2_model.cif,91.083
h2_posthoc/out/template_5c4o/H2_msa_titration/seed_42/H2_msa_titration_seed_42_sample_3_model.cif,91.201
h2_posthoc/out/template_5c4o/H2_msa_titration/seed_42/H2_msa_titration_seed_42_sample_4_model.cif,91.358
h2_posthoc/out/template_5c4o/H2_msa_titration/seed_42/H2_msa_titration_seed_42_sample_5_model.cif,91.003
h2_posthoc/out/template_5c4o/H2_msa_titration/seed_42/H2_msa_titration_seed_42_sample_6_model.cif,91.105
h2_posthoc/out/template_5c4o/H2_msa_titration/seed_42/H2_msa_titration_seed_42_sample_7_model.cif,91.138
h2_posthoc/out/template_5c4o/H2_msa_titration/seed_42/H2_msa_titration_seed_42_sample_8_model.cif,91.233
h2_posthoc/out/template_5c4o/H2_msa_titration/seed_42/H2_msa_titration_seed_42_sample_9_model.cif,91.423
h2_posthoc/out/template_5c4o/H2_msa_titration/seed_43/H2_msa_titration_seed_43_sample_10_model.cif,91.354
h2_posthoc/out/template_5c4o/H2_msa_titration/seed_43/H2_msa_titration_seed_43_sample_1_model.cif,91.437
h2_posthoc/out/template_5c4o/H2_msa_titration/seed_43/H2_msa_titration_seed_43_sample_2_model.cif,91.332
h2_posthoc/out/template_5c4o/H2_msa_titration/seed_43/H2_msa_titration_seed_43_sample_3_model.cif,91.114
h2_posthoc/out/template_5c4o/H2_msa_titration/seed_43/H2_msa_titration_seed_43_sample_4_model.cif,91.043
h2_posthoc/out/template_5c4o/H2_msa_titration/seed_43/H2_msa_titration_seed_43_sample_5_model.cif,91.193
h2_posthoc/out/template_5c4o/H2_msa_titration/seed_43/H2_msa_titration_seed_43_sample_6_model.cif,91.171
h2_posthoc/out/template_5c4o/H2_msa_titration/seed_43/H2_msa_titration_seed_43_sample_7_model.cif,91.092
h2_posthoc/out/template_5c4o/H2_msa_titration/seed_43/H2_msa_titration_seed_43_sample_8_model.cif,91.252
h2_posthoc/out/template_5c4o/H2_msa_titration/seed_43/H2_msa_titration_seed_43_sample_9_model.cif,91.13
h2_posthoc/out/template_5c4o/H2_msa_titration/seed_44/H2_msa_titration_seed_44_sample_10_model.cif,91.633
h2_posthoc/out/template_5c4o/H2_msa_titration/seed_44/H2_msa_titration_seed_44_sample_1_model.cif,91.067
h2_posthoc/out/template_5c4o/H2_msa_titration/seed_44/H2_msa_titration_seed_44_sample_2_model.cif,91.111
h2_posthoc/out/template_5c4o/H2_msa_titration/seed_44/H2_msa_titration_seed_44_sample_3_model.cif,91.276
h2_posthoc/out/template_5c4o/H2_msa_titration/seed_44/H2_msa_titration_seed_44_sample_4_model.cif,91.544
h2_posthoc/out/template_5c4o/H2_msa_titration/seed_44/H2_msa_titration_seed_44_sample_5_model.cif,91.252
h2_posthoc/out/template_5c4o/H2_msa_titration/seed_44/H2_msa_titration_seed_44_sample_6_model.cif,91.156
h2_posthoc/out/template_5c4o/H2_msa_titration/seed_44/H2_msa_titration_seed_44_sample_7_model.cif,91.051
h2_posthoc/out/template_5c4o/H2_msa_titration/seed_44/H2_msa_titration_seed_44_sample_8_model.cif,91.298
h2_posthoc/out/template_5c4o/H2_msa_titration/seed_44/H2_msa_titration_seed_44_sample_9_model.cif,91.132
h2_posthoc/out/template_5c4o/H2_msa_titration/seed_45/H2_msa_titration_seed_45_sample_10_model.cif,91.424
h2_posthoc/out/template_5c4o/H2_msa_titration/seed_45/H2_msa_titration_seed_45_sample_1_model.cif,90.994
h2_posthoc/out/template_5c4o/H2_msa_titration/seed_45/H2_msa_titration_seed_45_sample_2_model.cif,91.305
h2_posthoc/out/template_5c4o/H2_msa_titration/seed_45/H2_msa_titration_seed_45_sample_3_model.cif,91.141
h2_posthoc/out/template_5c4o/H2_msa_titration/seed_45/H2_msa_titration_seed_45_sample_4_model.cif,91.642
h2_posthoc/out/template_5c4o/H2_msa_titration/seed_45/H2_msa_titration_seed_45_sample_5_model.cif,91.417
h2_posthoc/out/template_5c4o/H2_msa_titration/seed_45/H2_msa_titration_seed_45_sample_6_model.cif,91.165
h2_posthoc/out/template_5c4o/H2_msa_titration/seed_45/H2_msa_titration_seed_45_sample_7_model.cif,91.126
h2_posthoc/out/template_5c4o/H2_msa_titration/seed_45/H2_msa_titration_seed_45_sample_8_model.cif,91.302
h2_posthoc/out/template_5c4o/H2_msa_titration/seed_45/H2_msa_titration_seed_45_sample_9_model.cif,91.354
h2_posthoc/out/template_5c4o/H2_msa_titration/seed_46/H2_msa_titration_seed_46_sample_10_model.cif,91.26
h2_posthoc/out/template_5c4o/H2_msa_titration/seed_46/H2_msa_titration_seed_46_sample_1_model.cif,91.509
h2_posthoc/out/template_5c4o/H2_msa_titration/seed_46/H2_msa_titration_seed_46_sample_2_model.cif,91.154
h2_posthoc/out/template_5c4o/H2_msa_titration/seed_46/H2_msa_titration_seed_46_sample_3_model.cif,91.215
h2_posthoc/out/template_5c4o/H2_msa_titration/seed_46/H2_msa_titration_seed_46_sample_4_model.cif,91.372
h2_posthoc/out/template_5c4o/H2_msa_titration/seed_46/H2_msa_titration_seed_46_sample_5_model.cif,90.893
h2_posthoc/out/template_5c4o/H2_msa_titration/seed_46/H2_msa_titration_seed_46_sample_6_model.cif,91.194
h2_posthoc/out/template_5c4o/H2_msa_titration/seed_46/H2_msa_titration_seed_46_sample_7_model.cif,91.272
h2_posthoc/out/template_5c4o/H2_msa_titration/seed_46/H2_msa_titration_seed_46_sample_8_model.cif,90.996
h2_posthoc/out/template_5c4o/H2_msa_titration/seed_46/H2_msa_titration_seed_46_sample_9_model.cif,91.342
