depth,seed,sample,file,status,plddt,rmsd_H12in,rmsd_H12out,margin,verdict,counts_as_success
,42,10,out/coactivator/H2_coactivator_cofold/seed_42/H2_coactivator_cofold_seed_42_sample_10_model.cif,ok,94.1,0.687,7.983,7.297,H12-in,0
,42,1,out/coactivator/H2_coactivator_cofold/seed_42/H2_coactivator_cofold_seed_42_sample_1_model.cif,ok,94.2,0.6,7.888,7.288,H12-in,0
,42,2,out/coactivator/H2_coactivator_cofold/seed_42/H2_coactivator_cofold_seed_42_sample_2_model.cif,ok,94.2,0.623,7.95,7.328,H12-in,0
,42,3,out/coactivator/H2_coactivator_cofold/seed_42/H2_coactivator_cofold_seed_42_sample_3_model.cif,ok,94.0,0.645,7.894,7.249,H12-in,0
,42,4,out/coactivator/H2_coactivator_cofold/seed_42/H2_coactivator_cofold_seed_42_sample_4_model.cif,ok,94.2,0.718,8.034,7.316,H12-in,0
,42,5,out/coactivator/H2_coactivator_cofold/seed_42/H2_coactivator_cofold_seed_42_sample_5_model.cif,ok,93.9,0.745,8.029,7.283,H12-in,0
,42,6,out/coactivator/H2_coactivator_cofold/seed_42/H2_coactivator_cofold_seed_42_sample_6_model.cif,ok,94.1,0.711,8.108,7.397,H12-in,0
,42,7,out/coactivator/H2_coactivator_cofold/seed_42/H2_coactivator_cofold_seed_42_sample_7_model.cif,ok,93.7,0.669,8.044,7.375,H12-in,0
,42,8,out/coactivator/H2_coactivator_cofold/seed_42/H2_coactivator_cofold_seed_42_sample_8_model.cif,ok,94.0,0.679,8.167,7.488,H12-in,0
,42,9,out/coactivator/H2_coactivator_cofold/seed_42/H2_coactivator_cofold_seed_42_sample_9_model.cif,ok,94.2,0.68,7.936,7.255,H12-in,0
,43,10,out/coactivator/H2_coactivator_cofold/seed_43/H2_coactivator_cofold_seed_43_sample_10_model.cif,ok,94.4,0.692,8.004,7.312,H12-in,0
,43,1,out/coactivator/H2_coactivator_cofold/seed_43/H2_coactivator_cofold_seed_43_sample_1_model.cif,ok,94.1,0.659,8.097,7.439,H12-in,0
,43,2,out/coactivator/H2_coactivator_cofold/seed_43/H2_coactivator_cofold_seed_43_sample_2_model.cif,ok,93.9,0.669,7.983,7.314,H12-in,0
,43,3,out/coactivator/H2_coactivator_cofold/seed_43/H2_coactivator_cofold_seed_43_sample_3_model.cif,ok,94.1,0.691,7.965,7.275,H12-in,0
,43,4,out/coactivator/H2_coactivator_cofold/seed_43/H2_coactivator_cofold_seed_43_sample_4_model.cif,ok,94.1,0.671,8.007,7.336,H12-in,0
,43,5,out/coactivator/H2_coactivator_cofold/seed_43/H2_coactivator_cofold_seed_43_sample_5_model.cif,ok,94.3,0.616,7.922,7.307,H12-in,0
,43,6,out/coactivator/H2_coactivator_cofold/seed_43/H2_coactivator_cofold_seed_43_sample_6_model.cif,ok,93.9,0.798,8.007,7.209,H12-in,0
,43,7,out/coactivator/H2_coactivator_cofold/seed_43/H2_coactivator_cofold_seed_43_sample_7_model.cif,ok,93.9,0.608,7.814,7.205,H12-in,0
,43,8,out/coactivator/H2_coactivator_cofold/seed_43/H2_coactivator_cofold_seed_43_sample_8_model.cif,ok,94.4,0.575,8.049,7.474,H12-in,0
,43,9,out/coactivator/H2_coactivator_cofold/seed_43/H2_coactivator_cofold_seed_43_sample_9_model.cif,ok,94.3,0.67,8.024,7.354,H12-in,0
,44,10,out/coactivator/H2_coactivator_cofold/seed_44/H2_coactivator_cofold_seed_44_sample_10_model.cif,ok,94.3,0.613,7.904,7.291,H12-in,0
,44,1,out/coactivator/H2_coactivator_cofold/seed_44/H2_coactivator_cofold_seed_44_sample_1_model.cif,ok,94.3,0.629,7.971,7.342,H12-in,0
,44,2,out/coactivator/H2_coactivator_cofold/seed_44/H2_coactivator_cofold_seed_44_sample_2_model.cif,ok,94.4,0.74,7.931,7.19,H12-in,0
,44,3,out/coactivator/H2_coactivator_cofold/seed_44/H2_coactivator_cofold_seed_44_sample_3_model.cif,ok,94.3,0.829,8.127,7.297,H12-in,0
,44,4,out/coactivator/H2_coactivator_cofold/seed_44/H2_coactivator_cofold_seed_44_sample_4_model.cif,ok,94.3,0.67,7.949,7.279,H12-in,0
,44,5,out/coactivator/H2_coactivator_cofold/seed_44/H2_coactivator_cofold_seed_44_sample_5_model.cif,ok,94.5,0.62,7.763,7.143,H12-in,0
,44,6,out/coactivator/H2_coactivator_cofold/seed_44/H2_coactivator_cofold_seed_44_sample_6_model.cif,ok,94.3,0.78,7.917,7.137,H12-in,0
,44,7,out/coactivator/H2_coactivator_cofold/seed_44/H2_coactivator_cofold_seed_44_sample_7_model.cif,ok,94.0,0.742,8.154,7.412,H12-in,0
,44,8,out/coactivator/H2_coactivator_cofold/seed_44/H2_coactivator_cofold_seed_44_sample_8_model.cif,ok,94.2,0.624,8.108,7.484,H12-in,0
,44,9,out/coactivator/H2_coactivator_cofold/seed_44/H2_coactivator_cofold_seed_44_sample_9_model.cif,ok,94.2,0.709,7.98,7.271,H12-in,0
,45,10,out/coactivator/H2_coactivator_cofold/seed_45/H2_coactivator_cofold_seed_45_sample_10_model.cif,ok,94.4,0.589,7.876,7.287,H12-in,0
,45,1,out/coactivator/H2_coactivator_cofold/seed_45/H2_coactivator_cofold_seed_45_sample_1_model.cif,ok,94.2,0.68,8.035,7.355,H12-in,0
,45,2,out/coactivator/H2_coactivator_cofold/seed_45/H2_coactivator_cofold_seed_45_sample_2_model.cif,ok,94.3,0.623,7.912,7.289,H12-in,0
,45,3,out/coactivator/H2_coactivator_cofold/seed_45/H2_coactivator_cofold_seed_45_sample_3_model.cif,ok,93.9,0.655,8.001,7.346,H12-in,0
,45,4,out/coactivator/H2_coactivator_cofold/seed_45/H2_coactivator_cofold_seed_45_sample_4_model.cif,ok,93.8,0.583,7.857,7.274,H12-in,0
,45,5,out/coactivator/H2_coactivator_cofold/seed_45/H2_coactivator_cofold_seed_45_sample_5_model.cif,ok,93.7,0.763,8.005,7.242,H12-in,0
,45,6,out/coactivator/H2_coactivator_cofold/seed_45/H2_coactivator_cofold_seed_45_sample_6_model.cif,ok,94.1,0.616,7.856,7.24,H12-in,0
,45,7,out/coactivator/H2_coactivator_cofold/seed_45/H2_coactivator_cofold_seed_45_sample_7_model.cif,ok,94.2,0.596,7.854,7.259,H12-in,0
,45,8,out/coactivator/H2_coactivator_cofold/seed_45/H2_coactivator_cofold_seed_45_sample_8_model.cif,ok,94.3,0.723,7.964,7.242,H12-in,0
,45,9,out/coactivator/H2_coactivator_cofold/seed_45/H2_coactivator_cofold_seed_45_sample_9_model.cif,ok,94.4,0.65,8.065,7.415,H12-in,0
,46,10,out/coactivator/H2_coactivator_cofold/seed_46/H2_coactivator_cofold_seed_46_sample_10_model.cif,ok,94.1,0.64,7.991,7.351,H12-in,0
,46,1,out/coactivator/H2_coactivator_cofold/seed_46/H2_coactivator_cofold_seed_46_sample_1_model.cif,ok,94.4,0.654,7.875,7.221,H12-in,0
,46,2,out/coactivator/H2_coactivator_cofold/seed_46/H2_coactivator_cofold_seed_46_sample_2_model.cif,ok,94.4,0.662,7.875,7.214,H12-in,0
,46,3,out/coactivator/H2_coactivator_cofold/seed_46/H2_coactivator_cofold_seed_46_sample_3_model.cif,ok,94.4,0.666,8.029,7.363,H12-in,0
,46,4,out/coactivator/H2_coactivator_cofold/seed_46/H2_coactivator_cofold_seed_46_sample_4_model.cif,ok,94.4,0.629,8.047,7.417,H12-in,0
,46,5,out/coactivator/H2_coactivator_cofold/seed_46/H2_coactivator_cofold_seed_46_sample_5_model.cif,ok,94.4,0.803,8.111,7.307,H12-in,0
,46,6,out/coactivator/H2_coactivator_cofold/seed_46/H2_coactivator_cofold_seed_46_sample_6_model.cif,ok,94.2,0.757,8.107,7.35,H12-in,0
,46,7,out/coactivator/H2_coactivator_cofold/seed_46/H2_coactivator_cofold_seed_46_sample_7_model.cif,ok,94.4,0.628,8.111,7.483,H12-in,0
,46,8,out/coactivator/H2_coactivator_cofold/seed_46/H2_coactivator_cofold_seed_46_sample_8_model.cif,ok,94.3,0.705,7.932,7.227,H12-in,0
,46,9,out/coactivator/H2_coactivator_cofold/seed_46/H2_coactivator_cofold_seed_46_sample_9_model.cif,ok,94.2,0.855,8.036,7.181,H12-in,0
48,42,10,out/depth_48/H2_msa_titration/seed_42/H2_msa_titration_seed_42_sample_10_model.cif,unscorable,60.4,12.937,18.865,5.928,fold failed (pLDDT 60.4 < 70),0
48,42,1,out/depth_48/H2_msa_titration/seed_42/H2_msa_titration_seed_42_sample_1_model.cif,unscorable,58.8,16.362,23.144,6.782,fold failed (pLDDT 58.8 < 70),0
48,42,2,out/depth_48/H2_msa_titration/seed_42/H2_msa_titration_seed_42_sample_2_model.cif,unscorable,63.3,21.255,26.238,4.983,fold failed (pLDDT 63.3 < 70),0
48,42,3,out/depth_48/H2_msa_titration/seed_42/H2_msa_titration_seed_42_sample_3_model.cif,unscorable,57.0,13.009,18.112,5.103,fold failed (pLDDT 57.0 < 70),0
48,42,4,out/depth_48/H2_msa_titration/seed_42/H2_msa_titration_seed_42_sample_4_model.cif,unscorable,60.0,12.386,17.396,5.01,fold failed (pLDDT 60.0 < 70),0
48,42,5,out/depth_48/H2_msa_titration/seed_42/H2_msa_titration_seed_42_sample_5_model.cif,unscorable,57.2,12.499,16.194,3.695,fold failed (pLDDT 57.2 < 70),0
48,42,6,out/depth_48/H2_msa_titration/seed_42/H2_msa_titration_seed_42_sample_6_model.cif,unscorable,61.3,10.74,15.251,4.512,fold failed (pLDDT 61.3 < 70),0
48,42,7,out/depth_48/H2_msa_titration/seed_42/H2_msa_titration_seed_42_sample_7_model.cif,unscorable,58.9,15.373,20.211,4.838,fold failed (pLDDT 58.9 < 70),0
48,42,8,out/depth_48/H2_msa_titration/seed_42/H2_msa_titration_seed_42_sample_8_model.cif,unscorable,57.7,15.731,20.137,4.406,fold failed (pLDDT 57.7 < 70),0
48,42,9,out/depth_48/H2_msa_titration/seed_42/H2_msa_titration_seed_42_sample_9_model.cif,unscorable,60.8,13.211,18.901,5.69,fold failed (pLDDT 60.8 < 70),0
48,43,10,out/depth_48/H2_msa_titration/seed_43/H2_msa_titration_seed_43_sample_10_model.cif,unscorable,49.6,12.074,15.34,3.266,fold failed (pLDDT 49.6 < 70),0
48,43,1,out/depth_48/H2_msa_titration/seed_43/H2_msa_titration_seed_43_sample_1_model.cif,unscorable,62.2,18.064,23.016,4.952,fold failed (pLDDT 62.2 < 70),0
48,43,2,out/depth_48/H2_msa_titration/seed_43/H2_msa_titration_seed_43_sample_2_model.cif,unscorable,57.5,10.825,15.137,4.312,fold failed (pLDDT 57.5 < 70),0
48,43,3,out/depth_48/H2_msa_titration/seed_43/H2_msa_titration_seed_43_sample_3_model.cif,unscorable,58.3,13.125,18.479,5.354,fold failed (pLDDT 58.3 < 70),0
48,43,4,out/depth_48/H2_msa_titration/seed_43/H2_msa_titration_seed_43_sample_4_model.cif,unscorable,59.4,15.002,20.75,5.748,fold failed (pLDDT 59.4 < 70),0
48,43,5,out/depth_48/H2_msa_titration/seed_43/H2_msa_titration_seed_43_sample_5_model.cif,unscorable,60.4,17.378,22.217,4.839,fold failed (pLDDT 60.4 < 70),0
48,43,6,out/depth_48/H2_msa_titration/seed_43/H2_msa_titration_seed_43_sample_6_model.cif,unscorable,57.4,14.736,20.984,6.248,fold failed (pLDDT 57.4 < 70),0
48,43,7,out/depth_48/H2_msa_titration/seed_43/H2_msa_titration_seed_43_sample_7_model.cif,unscorable,59.1,15.648,19.63,3.982,fold failed (pLDDT 59.1 < 70),0
48,43,8,out/depth_48/H2_msa_titration/seed_43/H2_msa_titration_seed_43_sample_8_model.cif,unscorable,56.7,13.744,19.156,5.411,fold failed (pLDDT 56.7 < 70),0
48,43,9,out/depth_48/H2_msa_titration/seed_43/H2_msa_titration_seed_43_sample_9_model.cif,unscorable,66.1,12.195,16.999,4.804,fold failed (pLDDT 66.1 < 70),0
48,44,10,out/depth_48/H2_msa_titration/seed_44/H2_msa_titration_seed_44_sample_10_model.cif,unscorable,58.8,11.835,16.9,5.065,fold failed (pLDDT 58.8 < 70),0
48,44,1,out/depth_48/H2_msa_titration/seed_44/H2_msa_titration_seed_44_sample_1_model.cif,unscorable,60.4,14.074,18.107,4.033,fold failed (pLDDT 60.4 < 70),0
48,44,2,out/depth_48/H2_msa_titration/seed_44/H2_msa_titration_seed_44_sample_2_model.cif,unscorable,59.6,18.864,23.329,4.465,fold failed (pLDDT 59.6 < 70),0
48,44,3,out/depth_48/H2_msa_titration/seed_44/H2_msa_titration_seed_44_sample_3_model.cif,unscorable,63.0,14.391,19.415,5.024,fold failed (pLDDT 63.0 < 70),0
48,44,4,out/depth_48/H2_msa_titration/seed_44/H2_msa_titration_seed_44_sample_4_model.cif,unscorable,51.9,21.638,27.084,5.446,fold failed (pLDDT 51.9 < 70),0
48,44,5,out/depth_48/H2_msa_titration/seed_44/H2_msa_titration_seed_44_sample_5_model.cif,unscorable,58.3,11.181,15.563,4.382,fold failed (pLDDT 58.3 < 70),0
48,44,6,out/depth_48/H2_msa_titration/seed_44/H2_msa_titration_seed_44_sample_6_model.cif,unscorable,54.7,12.601,17.349,4.747,fold failed (pLDDT 54.7 < 70),0
48,44,7,out/depth_48/H2_msa_titration/seed_44/H2_msa_titration_seed_44_sample_7_model.cif,unscorable,57.5,15.165,20.727,5.563,fold failed (pLDDT 57.5 < 70),0
48,44,8,out/depth_48/H2_msa_titration/seed_44/H2_msa_titration_seed_44_sample_8_model.cif,unscorable,55.1,14.589,24.583,9.994,fold failed (pLDDT 55.1 < 70),0
48,44,9,out/depth_48/H2_msa_titration/seed_44/H2_msa_titration_seed_44_sample_9_model.cif,unscorable,58.0,18.888,24.189,5.3,fold failed (pLDDT 58.0 < 70),0
48,45,10,out/depth_48/H2_msa_titration/seed_45/H2_msa_titration_seed_45_sample_10_model.cif,unscorable,59.5,18.446,22.751,4.305,fold failed (pLDDT 59.5 < 70),0
48,45,1,out/depth_48/H2_msa_titration/seed_45/H2_msa_titration_seed_45_sample_1_model.cif,unscorable,57.8,16.23,21.086,4.855,fold failed (pLDDT 57.8 < 70),0
48,45,2,out/depth_48/H2_msa_titration/seed_45/H2_msa_titration_seed_45_sample_2_model.cif,unscorable,58.8,20.031,24.322,4.291,fold failed (pLDDT 58.8 < 70),0
48,45,3,out/depth_48/H2_msa_titration/seed_45/H2_msa_titration_seed_45_sample_3_model.cif,unscorable,62.2,17.406,23.607,6.201,fold failed (pLDDT 62.2 < 70),0
48,45,4,out/depth_48/H2_msa_titration/seed_45/H2_msa_titration_seed_45_sample_4_model.cif,unscorable,58.9,19.656,23.81,4.154,fold failed (pLDDT 58.9 < 70),0
48,45,5,out/depth_48/H2_msa_titration/seed_45/H2_msa_titration_seed_45_sample_5_model.cif,unscorable,61.5,22.237,26.814,4.577,fold failed (pLDDT 61.5 < 70),0
48,45,6,out/depth_48/H2_msa_titration/seed_45/H2_msa_titration_seed_45_sample_6_model.cif,unscorable,63.4,20.791,24.738,3.946,fold failed (pLDDT 63.4 < 70),0
48,45,7,out/depth_48/H2_msa_titration/seed_45/H2_msa_titration_seed_45_sample_7_model.cif,unscorable,60.4,17.897,22.284,4.387,fold failed (pLDDT 60.4 < 70),0
48,45,8,out/depth_48/H2_msa_titration/seed_45/H2_msa_titration_seed_45_sample_8_model.cif,unscorable,61.2,18.933,23.047,4.113,fold failed (pLDDT 61.2 < 70),0
48,45,9,out/depth_48/H2_msa_titration/seed_45/H2_msa_titration_seed_45_sample_9_model.cif,unscorable,62.9,20.53,25.299,4.769,fold failed (pLDDT 62.9 < 70),0
48,46,10,out/depth_48/H2_msa_titration/seed_46/H2_msa_titration_seed_46_sample_10_model.cif,unscorable,59.4,17.203,22.827,5.624,fold failed (pLDDT 59.4 < 70),0
48,46,1,out/depth_48/H2_msa_titration/seed_46/H2_msa_titration_seed_46_sample_1_model.cif,unscorable,62.0,15.188,19.96,4.772,fold failed (pLDDT 62.0 < 70),0
48,46,2,out/depth_48/H2_msa_titration/seed_46/H2_msa_titration_seed_46_sample_2_model.cif,unscorable,56.3,12.817,18.198,5.381,fold failed (pLDDT 56.3 < 70),0
48,46,3,out/depth_48/H2_msa_titration/seed_46/H2_msa_titration_seed_46_sample_3_model.cif,unscorable,59.8,16.93,21.675,4.745,fold failed (pLDDT 59.8 < 70),0
48,46,4,out/depth_48/H2_msa_titration/seed_46/H2_msa_titration_seed_46_sample_4_model.cif,unscorable,58.1,17.197,23.245,6.048,fold failed (pLDDT 58.1 < 70),0
48,46,5,out/depth_48/H2_msa_titration/seed_46/H2_msa_titration_seed_46_sample_5_model.cif,unscorable,64.0,20.362,25.914,5.552,fold failed (pLDDT 64.0 < 70),0
48,46,6,out/depth_48/H2_msa_titration/seed_46/H2_msa_titration_seed_46_sample_6_model.cif,unscorable,57.6,15.504,20.465,4.961,fold failed (pLDDT 57.6 < 70),0
48,46,7,out/depth_48/H2_msa_titration/seed_46/H2_msa_titration_seed_46_sample_7_model.cif,unscorable,56.0,15.838,19.991,4.154,fold failed (pLDDT 56.0 < 70),0
48,46,8,out/depth_48/H2_msa_titration/seed_46/H2_msa_titration_seed_46_sample_8_model.cif,unscorable,59.1,15.637,19.778,4.142,fold failed (pLDDT 59.1 < 70),0
48,46,9,out/depth_48/H2_msa_titration/seed_46/H2_msa_titration_seed_46_sample_9_model.cif,unscorable,57.9,18.433,25.419,6.986,fold failed (pLDDT 57.9 < 70),0
64,42,10,out/depth_64/H2_msa_titration/seed_42/H2_msa_titration_seed_42_sample_10_model.cif,ok,72.4,1.833,7.303,5.469,H12-in,0
64,42,1,out/depth_64/H2_msa_titration/seed_42/H2_msa_titration_seed_42_sample_1_model.cif,unscorable,66.1,2.637,7.536,4.899,fold failed (pLDDT 66.1 < 70),0
64,42,2,out/depth_64/H2_msa_titration/seed_42/H2_msa_titration_seed_42_sample_2_model.cif,ok,72.2,1.931,6.506,4.576,H12-in,0
64,42,3,out/depth_64/H2_msa_titration/seed_42/H2_msa_titration_seed_42_sample_3_model.cif,ok,72.2,2.8,5.42,2.62,H12-in,0
64,42,4,out/depth_64/H2_msa_titration/seed_42/H2_msa_titration_seed_42_sample_4_model.cif,ok,71.6,1.688,6.264,4.576,H12-in,0
64,42,5,out/depth_64/H2_msa_titration/seed_42/H2_msa_titration_seed_42_sample_5_model.cif,unscorable,63.4,5.386,10.913,5.527,fold failed (pLDDT 63.4 < 70),0
64,42,6,out/depth_64/H2_msa_titration/seed_42/H2_msa_titration_seed_42_sample_6_model.cif,ok,71.1,2.637,8.176,5.539,H12-in,0
64,42,7,out/depth_64/H2_msa_titration/seed_42/H2_msa_titration_seed_42_sample_7_model.cif,unscorable,67.5,2.937,6.739,3.801,fold failed (pLDDT 67.5 < 70),0
64,42,8,out/depth_64/H2_msa_titration/seed_42/H2_msa_titration_seed_42_sample_8_model.cif,unscorable,64.0,2.447,6.624,4.177,fold failed (pLDDT 64.0 < 70),0
64,42,9,out/depth_64/H2_msa_titration/seed_42/H2_msa_titration_seed_42_sample_9_model.cif,ok,77.7,2.571,5.296,2.725,H12-in,0
64,43,10,out/depth_64/H2_msa_titration/seed_43/H2_msa_titration_seed_43_sample_10_model.cif,unscorable,62.0,3.49,7.149,3.659,fold failed (pLDDT 62.0 < 70),0
64,43,1,out/depth_64/H2_msa_titration/seed_43/H2_msa_titration_seed_43_sample_1_model.cif,unscorable,64.5,2.625,5.993,3.368,fold failed (pLDDT 64.5 < 70),0
64,43,2,out/depth_64/H2_msa_titration/seed_43/H2_msa_titration_seed_43_sample_2_model.cif,unscorable,68.6,1.56,6.514,4.954,fold failed (pLDDT 68.6 < 70),0
64,43,3,out/depth_64/H2_msa_titration/seed_43/H2_msa_titration_seed_43_sample_3_model.cif,ok,71.0,2.038,5.731,3.693,H12-in,0
64,43,4,out/depth_64/H2_msa_titration/seed_43/H2_msa_titration_seed_43_sample_4_model.cif,unscorable,69.3,3.788,5.005,1.216,fold failed (pLDDT 69.3 < 70),0
64,43,5,out/depth_64/H2_msa_titration/seed_43/H2_msa_titration_seed_43_sample_5_model.cif,unscorable,66.0,5.313,10.94,5.628,fold failed (pLDDT 66.0 < 70),0
64,43,6,out/depth_64/H2_msa_titration/seed_43/H2_msa_titration_seed_43_sample_6_model.cif,unscorable,67.9,2.417,7.991,5.574,fold failed (pLDDT 67.9 < 70),0
64,43,7,out/depth_64/H2_msa_titration/seed_43/H2_msa_titration_seed_43_sample_7_model.cif,unscorable,62.9,2.496,6.577,4.081,fold failed (pLDDT 62.9 < 70),0
64,43,8,out/depth_64/H2_msa_titration/seed_43/H2_msa_titration_seed_43_sample_8_model.cif,unscorable,65.1,3.029,6.203,3.173,fold failed (pLDDT 65.1 < 70),0
64,43,9,out/depth_64/H2_msa_titration/seed_43/H2_msa_titration_seed_43_sample_9_model.cif,ok,70.9,2.206,6.261,4.055,H12-in,0
64,44,10,out/depth_64/H2_msa_titration/seed_44/H2_msa_titration_seed_44_sample_10_model.cif,unscorable,62.6,2.684,8.561,5.877,fold failed (pLDDT 62.6 < 70),0
64,44,1,out/depth_64/H2_msa_titration/seed_44/H2_msa_titration_seed_44_sample_1_model.cif,unscorable,66.7,1.914,6.267,4.353,fold failed (pLDDT 66.7 < 70),0
64,44,2,out/depth_64/H2_msa_titration/seed_44/H2_msa_titration_seed_44_sample_2_model.cif,unscorable,63.6,7.018,12.616,5.598,fold failed (pLDDT 63.6 < 70),0
64,44,3,out/depth_64/H2_msa_titration/seed_44/H2_msa_titration_seed_44_sample_3_model.cif,unscorable,66.3,1.413,6.815,5.402,fold failed (pLDDT 66.3 < 70),0
64,44,4,out/depth_64/H2_msa_titration/seed_44/H2_msa_titration_seed_44_sample_4_model.cif,unscorable,69.2,2.023,6.097,4.073,fold failed (pLDDT 69.2 < 70),0
64,44,5,out/depth_64/H2_msa_titration/seed_44/H2_msa_titration_seed_44_sample_5_model.cif,unscorable,62.7,1.251,6.84,5.589,fold failed (pLDDT 62.7 < 70),0
64,44,6,out/depth_64/H2_msa_titration/seed_44/H2_msa_titration_seed_44_sample_6_model.cif,unscorable,62.5,1.528,6.502,4.974,fold failed (pLDDT 62.5 < 70),0
64,44,7,out/depth_64/H2_msa_titration/seed_44/H2_msa_titration_seed_44_sample_7_model.cif,unscorable,62.8,5.413,12.419,7.006,fold failed (pLDDT 62.8 < 70),0
64,44,8,out/depth_64/H2_msa_titration/seed_44/H2_msa_titration_seed_44_sample_8_model.cif,unscorable,65.8,3.383,8.245,4.862,fold failed (pLDDT 65.8 < 70),0
64,44,9,out/depth_64/H2_msa_titration/seed_44/H2_msa_titration_seed_44_sample_9_model.cif,unscorable,67.5,4.785,11.517,6.732,fold failed (pLDDT 67.5 < 70),0
64,45,10,out/depth_64/H2_msa_titration/seed_45/H2_msa_titration_seed_45_sample_10_model.cif,unscorable,67.4,4.292,7.177,2.885,fold failed (pLDDT 67.4 < 70),0
64,45,1,out/depth_64/H2_msa_titration/seed_45/H2_msa_titration_seed_45_sample_1_model.cif,ok,73.3,2.072,6.088,4.016,H12-in,0
64,45,2,out/depth_64/H2_msa_titration/seed_45/H2_msa_titration_seed_45_sample_2_model.cif,unscorable,66.8,3.084,5.492,2.409,fold failed (pLDDT 66.8 < 70),0
64,45,3,out/depth_64/H2_msa_titration/seed_45/H2_msa_titration_seed_45_sample_3_model.cif,ok,71.3,2.393,5.22,2.827,H12-in,0
64,45,4,out/depth_64/H2_msa_titration/seed_45/H2_msa_titration_seed_45_sample_4_model.cif,ok,78.4,1.762,6.318,4.556,H12-in,0
64,45,5,out/depth_64/H2_msa_titration/seed_45/H2_msa_titration_seed_45_sample_5_model.cif,unscorable,66.7,2.45,7.113,4.663,fold failed (pLDDT 66.7 < 70),0
64,45,6,out/depth_64/H2_msa_titration/seed_45/H2_msa_titration_seed_45_sample_6_model.cif,unscorable,64.9,6.038,11.079,5.041,fold failed (pLDDT 64.9 < 70),0
64,45,7,out/depth_64/H2_msa_titration/seed_45/H2_msa_titration_seed_45_sample_7_model.cif,ok,80.0,2.002,5.444,3.442,H12-in,0
64,45,8,out/depth_64/H2_msa_titration/seed_45/H2_msa_titration_seed_45_sample_8_model.cif,ok,71.8,2.463,5.147,2.684,H12-in,0
64,45,9,out/depth_64/H2_msa_titration/seed_45/H2_msa_titration_seed_45_sample_9_model.cif,unscorable,67.1,1.934,6.752,4.818,fold failed (pLDDT 67.1 < 70),0
64,46,10,out/depth_64/H2_msa_titration/seed_46/H2_msa_titration_seed_46_sample_10_model.cif,unscorable,61.7,3.191,8.614,5.423,fold failed (pLDDT 61.7 < 70),0
64,46,1,out/depth_64/H2_msa_titration/seed_46/H2_msa_titration_seed_46_sample_1_model.cif,unscorable,66.5,4.074,8.667,4.593,fold failed (pLDDT 66.5 < 70),0
64,46,2,out/depth_64/H2_msa_titration/seed_46/H2_msa_titration_seed_46_sample_2_model.cif,unscorable,63.5,2.953,8.449,5.496,fold failed (pLDDT 63.5 < 70),0
64,46,3,out/depth_64/H2_msa_titration/seed_46/H2_msa_titration_seed_46_sample_3_model.cif,ok,73.6,5.435,12.916,7.481,H12-in,0
64,46,4,out/depth_64/H2_msa_titration/seed_46/H2_msa_titration_seed_46_sample_4_model.cif,unscorable,66.4,5.052,11.931,6.879,fold failed (pLDDT 66.4 < 70),0
64,46,5,out/depth_64/H2_msa_titration/seed_46/H2_msa_titration_seed_46_sample_5_model.cif,ok,73.5,4.819,10.669,5.849,H12-in,0
64,46,6,out/depth_64/H2_msa_titration/seed_46/H2_msa_titration_seed_46_sample_6_model.cif,unscorable,65.5,4.877,11.575,6.698,fold failed (pLDDT 65.5 < 70),0
64,46,7,out/depth_64/H2_msa_titration/seed_46/H2_msa_titration_seed_46_sample_7_model.cif,unscorable,67.0,5.001,11.651,6.65,fold failed (pLDDT 67.0 < 70),0
64,46,8,out/depth_64/H2_msa_titration/seed_46/H2_msa_titration_seed_46_sample_8_model.cif,unscorable,65.8,2.376,5.413,3.037,fold failed (pLDDT 65.8 < 70),0
64,46,9,out/depth_64/H2_msa_titration/seed_46/H2_msa_titration_seed_46_sample_9_model.cif,unscorable,63.9,3.973,10.8,6.827,fold failed (pLDDT 63.9 < 70),0
96,42,10,out/depth_96/H2_msa_titration/seed_42/H2_msa_titration_seed_42_sample_10_model.cif,ok,80.6,1.529,6.725,5.196,H12-in,0
96,42,1,out/depth_96/H2_msa_titration/seed_42/H2_msa_titration_seed_42_sample_1_model.cif,ok,80.4,1.78,6.511,4.731,H12-in,0
96,42,2,out/depth_96/H2_msa_titration/seed_42/H2_msa_titration_seed_42_sample_2_model.cif,ok,78.9,1.701,6.393,4.693,H12-in,0
96,42,3,out/depth_96/H2_msa_titration/seed_42/H2_msa_titration_seed_42_sample_3_model.cif,ok,81.0,1.822,6.115,4.293,H12-in,0
96,42,4,out/depth_96/H2_msa_titration/seed_42/H2_msa_titration_seed_42_sample_4_model.cif,ok,79.4,1.777,6.294,4.517,H12-in,0
96,42,5,out/depth_96/H2_msa_titration/seed_42/H2_msa_titration_seed_42_sample_5_model.cif,ok,79.4,2.175,5.981,3.805,H12-in,0
96,42,6,out/depth_96/H2_msa_titration/seed_42/H2_msa_titration_seed_42_sample_6_model.cif,ok,81.1,1.74,6.589,4.85,H12-in,0
96,42,7,out/depth_96/H2_msa_titration/seed_42/H2_msa_titration_seed_42_sample_7_model.cif,ok,79.9,2.039,6.32,4.281,H12-in,0
96,42,8,out/depth_96/H2_msa_titration/seed_42/H2_msa_titration_seed_42_sample_8_model.cif,ok,78.3,1.697,6.208,4.511,H12-in,0
96,42,9,out/depth_96/H2_msa_titration/seed_42/H2_msa_titration_seed_42_sample_9_model.cif,ok,81.5,1.655,6.653,4.998,H12-in,0
96,43,10,out/depth_96/H2_msa_titration/seed_43/H2_msa_titration_seed_43_sample_10_model.cif,ok,79.4,2.025,6.982,4.957,H12-in,0
96,43,1,out/depth_96/H2_msa_titration/seed_43/H2_msa_titration_seed_43_sample_1_model.cif,ok,79.9,1.524,6.618,5.094,H12-in,0
96,43,2,out/depth_96/H2_msa_titration/seed_43/H2_msa_titration_seed_43_sample_2_model.cif,ok,80.5,2.066,6.172,4.106,H12-in,0
96,43,3,out/depth_96/H2_msa_titration/seed_43/H2_msa_titration_seed_43_sample_3_model.cif,ok,80.5,1.833,6.306,4.473,H12-in,0
96,43,4,out/depth_96/H2_msa_titration/seed_43/H2_msa_titration_seed_43_sample_4_model.cif,ok,80.5,2.108,6.026,3.918,H12-in,0
96,43,5,out/depth_96/H2_msa_titration/seed_43/H2_msa_titration_seed_43_sample_5_model.cif,ok,80.7,1.456,6.953,5.497,H12-in,0
96,43,6,out/depth_96/H2_msa_titration/seed_43/H2_msa_titration_seed_43_sample_6_model.cif,ok,80.0,1.581,7.141,5.56,H12-in,0
96,43,7,out/depth_96/H2_msa_titration/seed_43/H2_msa_titration_seed_43_sample_7_model.cif,ok,80.8,1.873,6.058,4.185,H12-in,0
96,43,8,out/depth_96/H2_msa_titration/seed_43/H2_msa_titration_seed_43_sample_8_model.cif,ok,79.9,1.701,6.547,4.846,H12-in,0
96,43,9,out/depth_96/H2_msa_titration/seed_43/H2_msa_titration_seed_43_sample_9_model.cif,ok,78.3,1.833,6.488,4.655,H12-in,0
96,44,10,out/depth_96/H2_msa_titration/seed_44/H2_msa_titration_seed_44_sample_10_model.cif,ok,77.2,1.689,6.96,5.271,H12-in,0
96,44,1,out/depth_96/H2_msa_titration/seed_44/H2_msa_titration_seed_44_sample_1_model.cif,ok,77.3,1.781,5.992,4.211,H12-in,0
96,44,2,out/depth_96/H2_msa_titration/seed_44/H2_msa_titration_seed_44_sample_2_model.cif,ok,78.4,1.922,6.694,4.772,H12-in,0
96,44,3,out/depth_96/H2_msa_titration/seed_44/H2_msa_titration_seed_44_sample_3_model.cif,ok,78.4,1.444,6.372,4.928,H12-in,0
96,44,4,out/depth_96/H2_msa_titration/seed_44/H2_msa_titration_seed_44_sample_4_model.cif,ok,77.1,1.878,6.357,4.479,H12-in,0
96,44,5,out/depth_96/H2_msa_titration/seed_44/H2_msa_titration_seed_44_sample_5_model.cif,ok,76.5,1.534,6.495,4.961,H12-in,0
96,44,6,out/depth_96/H2_msa_titration/seed_44/H2_msa_titration_seed_44_sample_6_model.cif,ok,74.4,1.779,6.683,4.904,H12-in,0
96,44,7,out/depth_96/H2_msa_titration/seed_44/H2_msa_titration_seed_44_sample_7_model.cif,ok,70.4,2.974,6.53,3.556,H12-in,0
96,44,8,out/depth_96/H2_msa_titration/seed_44/H2_msa_titration_seed_44_sample_8_model.cif,ok,76.0,2.989,8.022,5.033,H12-in,0
96,44,9,out/depth_96/H2_msa_titration/seed_44/H2_msa_titration_seed_44_sample_9_model.cif,ok,79.1,1.416,6.436,5.02,H12-in,0
96,45,10,out/depth_96/H2_msa_titration/seed_45/H2_msa_titration_seed_45_sample_10_model.cif,ok,75.4,1.844,6.5,4.656,H12-in,0
96,45,1,out/depth_96/H2_msa_titration/seed_45/H2_msa_titration_seed_45_sample_1_model.cif,ok,74.9,1.586,6.572,4.986,H12-in,0
96,45,2,out/depth_96/H2_msa_titration/seed_45/H2_msa_titration_seed_45_sample_2_model.cif,ok,72.8,1.967,7.061,5.094,H12-in,0
96,45,3,out/depth_96/H2_msa_titration/seed_45/H2_msa_titration_seed_45_sample_3_model.cif,ok,74.8,1.734,6.863,5.13,H12-in,0
96,45,4,out/depth_96/H2_msa_titration/seed_45/H2_msa_titration_seed_45_sample_4_model.cif,ok,76.6,1.799,6.528,4.728,H12-in,0
96,45,5,out/depth_96/H2_msa_titration/seed_45/H2_msa_titration_seed_45_sample_5_model.cif,ok,75.1,1.982,5.69,3.708,H12-in,0
96,45,6,out/depth_96/H2_msa_titration/seed_45/H2_msa_titration_seed_45_sample_6_model.cif,ok,75.3,1.9,6.701,4.801,H12-in,0
96,45,7,out/depth_96/H2_msa_titration/seed_45/H2_msa_titration_seed_45_sample_7_model.cif,ok,73.9,1.583,6.634,5.05,H12-in,0
96,45,8,out/depth_96/H2_msa_titration/seed_45/H2_msa_titration_seed_45_sample_8_model.cif,ok,73.6,1.417,6.821,5.404,H12-in,0
96,45,9,out/depth_96/H2_msa_titration/seed_45/H2_msa_titration_seed_45_sample_9_model.cif,ok,75.4,2.223,5.988,3.764,H12-in,0
96,46,10,out/depth_96/H2_msa_titration/seed_46/H2_msa_titration_seed_46_sample_10_model.cif,ok,77.9,1.494,6.712,5.219,H12-in,0
96,46,1,out/depth_96/H2_msa_titration/seed_46/H2_msa_titration_seed_46_sample_1_model.cif,ok,80.3,1.181,7.149,5.969,H12-in,0
96,46,2,out/depth_96/H2_msa_titration/seed_46/H2_msa_titration_seed_46_sample_2_model.cif,ok,74.0,2.817,6.146,3.329,H12-in,0
96,46,3,out/depth_96/H2_msa_titration/seed_46/H2_msa_titration_seed_46_sample_3_model.cif,ok,79.4,1.799,7.768,5.969,H12-in,0
96,46,4,out/depth_96/H2_msa_titration/seed_46/H2_msa_titration_seed_46_sample_4_model.cif,ok,73.9,1.597,6.754,5.158,H12-in,0
96,46,5,out/depth_96/H2_msa_titration/seed_46/H2_msa_titration_seed_46_sample_5_model.cif,ok,76.5,2.085,7.09,5.005,H12-in,0
96,46,6,out/depth_96/H2_msa_titration/seed_46/H2_msa_titration_seed_46_sample_6_model.cif,ok,80.0,1.866,7.144,5.278,H12-in,0
96,46,7,out/depth_96/H2_msa_titration/seed_46/H2_msa_titration_seed_46_sample_7_model.cif,ok,79.7,1.875,7.903,6.028,H12-in,0
96,46,8,out/depth_96/H2_msa_titration/seed_46/H2_msa_titration_seed_46_sample_8_model.cif,ok,79.0,1.816,6.599,4.783,H12-in,0
96,46,9,out/depth_96/H2_msa_titration/seed_46/H2_msa_titration_seed_46_sample_9_model.cif,ok,80.6,1.692,6.93,5.237,H12-in,0
,42,10,out/template_3kyt/H2_msa_titration/seed_42/H2_msa_titration_seed_42_sample_10_model.cif,ok,90.6,2.267,5.083,2.815,H12-in,0
,42,1,out/template_3kyt/H2_msa_titration/seed_42/H2_msa_titration_seed_42_sample_1_model.cif,ok,90.9,1.87,5.495,3.625,H12-in,0
,42,2,out/template_3kyt/H2_msa_titration/seed_42/H2_msa_titration_seed_42_sample_2_model.cif,ok,89.5,1.971,5.365,3.395,H12-in,0
,42,3,out/template_3kyt/H2_msa_titration/seed_42/H2_msa_titration_seed_42_sample_3_model.cif,ok,90.2,2.148,5.259,3.112,H12-in,0
,42,4,out/template_3kyt/H2_msa_titration/seed_42/H2_msa_titration_seed_42_sample_4_model.cif,ok,91.0,2.404,5.072,2.668,H12-in,0
,42,5,out/template_3kyt/H2_msa_titration/seed_42/H2_msa_titration_seed_42_sample_5_model.cif,ok,89.9,2.054,5.599,3.545,H12-in,0
,42,6,out/template_3kyt/H2_msa_titration/seed_42/H2_msa_titration_seed_42_sample_6_model.cif,ok,90.0,2.088,5.75,3.662,H12-in,0
,42,7,out/template_3kyt/H2_msa_titration/seed_42/H2_msa_titration_seed_42_sample_7_model.cif,ok,90.3,2.457,5.329,2.872,H12-in,0
,42,8,out/template_3kyt/H2_msa_titration/seed_42/H2_msa_titration_seed_42_sample_8_model.cif,ok,90.2,1.693,5.986,4.293,H12-in,0
,42,9,out/template_3kyt/H2_msa_titration/seed_42/H2_msa_titration_seed_42_sample_9_model.cif,ok,90.6,2.123,5.371,3.247,H12-in,0
,43,10,out/template_3kyt/H2_msa_titration/seed_43/H2_msa_titration_seed_43_sample_10_model.cif,ok,90.5,2.055,5.735,3.68,H12-in,0
,43,1,out/template_3kyt/H2_msa_titration/seed_43/H2_msa_titration_seed_43_sample_1_model.cif,ok,91.0,1.977,5.599,3.622,H12-in,0
,43,2,out/template_3kyt/H2_msa_titration/seed_43/H2_msa_titration_seed_43_sample_2_model.cif,ok,90.5,2.066,5.754,3.688,H12-in,0
,43,3,out/template_3kyt/H2_msa_titration/seed_43/H2_msa_titration_seed_43_sample_3_model.cif,ok,90.3,2.507,4.957,2.45,H12-in,0
,43,4,out/template_3kyt/H2_msa_titration/seed_43/H2_msa_titration_seed_43_sample_4_model.cif,ok,90.3,2.463,4.979,2.516,H12-in,0
,43,5,out/template_3kyt/H2_msa_titration/seed_43/H2_msa_titration_seed_43_sample_5_model.cif,ok,89.8,1.815,5.69,3.875,H12-in,0
,43,6,out/template_3kyt/H2_msa_titration/seed_43/H2_msa_titration_seed_43_sample_6_model.cif,ok,91.1,2.476,4.81,2.335,H12-in,0
,43,7,out/template_3kyt/H2_msa_titration/seed_43/H2_msa_titration_seed_43_sample_7_model.cif,ok,89.5,1.8,5.751,3.951,H12-in,0
,43,8,out/template_3kyt/H2_msa_titration/seed_43/H2_msa_titration_seed_43_sample_8_model.cif,ok,90.2,2.101,5.36,3.259,H12-in,0
,43,9,out/template_3kyt/H2_msa_titration/seed_43/H2_msa_titration_seed_43_sample_9_model.cif,ok,90.7,2.698,4.837,2.139,H12-in,0
,44,10,out/template_3kyt/H2_msa_titration/seed_44/H2_msa_titration_seed_44_sample_10_model.cif,ok,90.3,1.999,5.557,3.557,H12-in,0
,44,1,out/template_3kyt/H2_msa_titration/seed_44/H2_msa_titration_seed_44_sample_1_model.cif,ok,89.5,1.823,5.868,4.045,H12-in,0
,44,2,out/template_3kyt/H2_msa_titration/seed_44/H2_msa_titration_seed_44_sample_2_model.cif,ok,90.6,1.858,5.708,3.85,H12-in,0
,44,3,out/template_3kyt/H2_msa_titration/seed_44/H2_msa_titration_seed_44_sample_3_model.cif,ok,90.9,2.06,5.55,3.49,H12-in,0
,44,4,out/template_3kyt/H2_msa_titration/seed_44/H2_msa_titration_seed_44_sample_4_model.cif,ok,90.2,2.025,5.553,3.527,H12-in,0
,44,5,out/template_3kyt/H2_msa_titration/seed_44/H2_msa_titration_seed_44_sample_5_model.cif,ok,91.2,1.928,5.794,3.867,H12-in,0
,44,6,out/template_3kyt/H2_msa_titration/seed_44/H2_msa_titration_seed_44_sample_6_model.cif,ok,90.3,2.122,5.505,3.383,H12-in,0
,44,7,out/template_3kyt/H2_msa_titration/seed_44/H2_msa_titration_seed_44_sample_7_model.cif,ok,90.0,1.995,5.508,3.513,H12-in,0
,44,8,out/template_3kyt/H2_msa_titration/seed_44/H2_msa_titration_seed_44_sample_8_model.cif,ok,89.4,2.01,5.687,3.676,H12-in,0
,44,9,out/template_3kyt/H2_msa_titration/seed_44/H2_msa_titration_seed_44_sample_9_model.cif,ok,90.1,2.086,5.513,3.427,H12-in,0
,45,10,out/template_3kyt/H2_msa_titration/seed_45/H2_msa_titration_seed_45_sample_10_model.cif,ok,90.3,2.345,5.257,2.912,H12-in,0
,45,1,out/template_3kyt/H2_msa_titration/seed_45/H2_msa_titration_seed_45_sample_1_model.cif,ok,90.3,2.23,5.145,2.915,H12-in,0
,45,2,out/template_3kyt/H2_msa_titration/seed_45/H2_msa_titration_seed_45_sample_2_model.cif,ok,90.6,1.97,5.481,3.512,H12-in,0
,45,3,out/template_3kyt/H2_msa_titration/seed_45/H2_msa_titration_seed_45_sample_3_model.cif,ok,89.3,1.985,5.376,3.391,H12-in,0
,45,4,out/template_3kyt/H2_msa_titration/seed_45/H2_msa_titration_seed_45_sample_4_model.cif,ok,91.3,2.506,5.13,2.623,H12-in,0
,45,5,out/template_3kyt/H2_msa_titration/seed_45/H2_msa_titration_seed_45_sample_5_model.cif,ok,90.1,1.852,5.682,3.83,H12-in,0
,45,6,out/template_3kyt/H2_msa_titration/seed_45/H2_msa_titration_seed_45_sample_6_model.cif,ok,90.4,2.386,5.204,2.818,H12-in,0
,45,7,out/template_3kyt/H2_msa_titration/seed_45/H2_msa_titration_seed_45_sample_7_model.cif,ok,90.3,2.257,5.224,2.966,H12-in,0
,45,8,out/template_3kyt/H2_msa_titration/seed_45/H2_msa_titration_seed_45_sample_8_model.cif,ok,89.8,1.596,5.99,4.394,H12-in,0
,45,9,out/template_3kyt/H2_msa_titration/seed_45/H2_msa_titration_seed_45_sample_9_model.cif,ok,90.8,2.127,5.196,3.069,H12-in,0
,46,10,out/template_3kyt/H2_msa_titration/seed_46/H2_msa_titration_seed_46_sample_10_model.cif,ok,90.6,2.492,5.047,2.555,H12-in,0
,46,1,out/template_3kyt/H2_msa_titration/seed_46/H2_msa_titration_seed_46_sample_1_model.cif,ok,90.2,1.669,5.797,4.128,H12-in,0
,46,2,out/template_3kyt/H2_msa_titration/seed_46/H2_msa_titration_seed_46_sample_2_model.cif,ok,90.4,1.97,5.736,3.766,H12-in,0
,46,3,out/template_3kyt/H2_msa_titration/seed_46/H2_msa_titration_seed_46_sample_3_model.cif,ok,90.2,1.715,6.125,4.41,H12-in,0
,46,4,out/template_3kyt/H2_msa_titration/seed_46/H2_msa_titration_seed_46_sample_4_model.cif,ok,90.7,1.934,5.73,3.796,H12-in,0
,46,5,out/template_3kyt/H2_msa_titration/seed_46/H2_msa_titration_seed_46_sample_5_model.cif,ok,90.2,2.261,5.205,2.943,H12-in,0
,46,6,out/template_3kyt/H2_msa_titration/seed_46/H2_msa_titration_seed_46_sample_6_model.cif,ok,89.9,1.79,5.884,4.094,H12-in,0
,46,7,out/template_3kyt/H2_msa_titration/seed_46/H2_msa_titration_seed_46_sample_7_model.cif,ok,90.5,1.813,5.942,4.129,H12-in,0
,46,8,out/template_3kyt/H2_msa_titration/seed_46/H2_msa_titration_seed_46_sample_8_model.cif,ok,89.6,2.008,5.728,3.72,H12-in,0
,46,9,out/template_3kyt/H2_msa_titration/seed_46/H2_msa_titration_seed_46_sample_9_model.cif,ok,89.8,1.876,5.919,4.043,H12-in,0
,42,10,out/template_4zjw/H2_msa_titration/seed_42/H2_msa_titration_seed_42_sample_10_model.cif,ok,91.3,1.78,5.612,3.831,H12-in,0
,42,1,out/template_4zjw/H2_msa_titration/seed_42/H2_msa_titration_seed_42_sample_1_model.cif,ok,91.6,1.531,5.67,4.139,H12-in,0
,42,2,out/template_4zjw/H2_msa_titration/seed_42/H2_msa_titration_seed_42_sample_2_model.cif,ok,89.5,0.662,7.651,6.989,H12-in,0
,42,3,out/template_4zjw/H2_msa_titration/seed_42/H2_msa_titration_seed_42_sample_3_model.cif,ok,90.1,1.437,5.99,4.552,H12-in,0
,42,4,out/template_4zjw/H2_msa_titration/seed_42/H2_msa_titration_seed_42_sample_4_model.cif,ok,90.3,0.624,7.778,7.154,H12-in,0
,42,5,out/template_4zjw/H2_msa_titration/seed_42/H2_msa_titration_seed_42_sample_5_model.cif,ok,90.3,0.438,7.565,7.126,H12-in,0
,42,6,out/template_4zjw/H2_msa_titration/seed_42/H2_msa_titration_seed_42_sample_6_model.cif,ok,91.0,0.587,7.715,7.128,H12-in,0
,42,7,out/template_4zjw/H2_msa_titration/seed_42/H2_msa_titration_seed_42_sample_7_model.cif,ok,90.4,0.346,7.645,7.299,H12-in,0
,42,8,out/template_4zjw/H2_msa_titration/seed_42/H2_msa_titration_seed_42_sample_8_model.cif,ok,91.0,0.55,8.006,7.456,H12-in,0
,42,9,out/template_4zjw/H2_msa_titration/seed_42/H2_msa_titration_seed_42_sample_9_model.cif,ok,90.0,0.599,7.386,6.787,H12-in,0
,43,10,out/template_4zjw/H2_msa_titration/seed_43/H2_msa_titration_seed_43_sample_10_model.cif,ok,90.1,0.455,7.505,7.05,H12-in,0
,43,1,out/template_4zjw/H2_msa_titration/seed_43/H2_msa_titration_seed_43_sample_1_model.cif,ok,89.7,0.582,7.571,6.989,H12-in,0
,43,2,out/template_4zjw/H2_msa_titration/seed_43/H2_msa_titration_seed_43_sample_2_model.cif,ok,90.5,0.539,7.55,7.011,H12-in,0
,43,3,out/template_4zjw/H2_msa_titration/seed_43/H2_msa_titration_seed_43_sample_3_model.cif,ok,90.3,0.544,7.38,6.836,H12-in,0
,43,4,out/template_4zjw/H2_msa_titration/seed_43/H2_msa_titration_seed_43_sample_4_model.cif,ok,89.9,0.575,7.385,6.81,H12-in,0
,43,5,out/template_4zjw/H2_msa_titration/seed_43/H2_msa_titration_seed_43_sample_5_model.cif,ok,90.1,0.578,7.873,7.295,H12-in,0
,43,6,out/template_4zjw/H2_msa_titration/seed_43/H2_msa_titration_seed_43_sample_6_model.cif,ok,91.6,1.925,5.205,3.28,H12-in,0
,43,7,out/template_4zjw/H2_msa_titration/seed_43/H2_msa_titration_seed_43_sample_7_model.cif,ok,91.1,0.537,7.74,7.203,H12-in,0
,43,8,out/template_4zjw/H2_msa_titration/seed_43/H2_msa_titration_seed_43_sample_8_model.cif,ok,91.0,2.054,5.422,3.368,H12-in,0
,43,9,out/template_4zjw/H2_msa_titration/seed_43/H2_msa_titration_seed_43_sample_9_model.cif,ok,90.0,0.562,7.529,6.967,H12-in,0
,44,10,out/template_4zjw/H2_msa_titration/seed_44/H2_msa_titration_seed_44_sample_10_model.cif,ok,91.1,0.583,7.788,7.204,H12-in,0
,44,1,out/template_4zjw/H2_msa_titration/seed_44/H2_msa_titration_seed_44_sample_1_model.cif,ok,90.6,0.44,7.642,7.202,H12-in,0
,44,2,out/template_4zjw/H2_msa_titration/seed_44/H2_msa_titration_seed_44_sample_2_model.cif,ok,90.0,0.471,7.694,7.223,H12-in,0
,44,3,out/template_4zjw/H2_msa_titration/seed_44/H2_msa_titration_seed_44_sample_3_model.cif,ok,90.7,0.61,7.59,6.981,H12-in,0
,44,4,out/template_4zjw/H2_msa_titration/seed_44/H2_msa_titration_seed_44_sample_4_model.cif,ok,91.3,0.59,7.567,6.977,H12-in,0
,44,5,out/template_4zjw/H2_msa_titration/seed_44/H2_msa_titration_seed_44_sample_5_model.cif,ok,90.5,0.59,7.784,7.195,H12-in,0
,44,6,out/template_4zjw/H2_msa_titration/seed_44/H2_msa_titration_seed_44_sample_6_model.cif,ok,90.3,0.444,7.483,7.038,H12-in,0
,44,7,out/template_4zjw/H2_msa_titration/seed_44/H2_msa_titration_seed_44_sample_7_model.cif,ok,89.8,0.541,7.728,7.187,H12-in,0
,44,8,out/template_4zjw/H2_msa_titration/seed_44/H2_msa_titration_seed_44_sample_8_model.cif,ok,90.4,0.336,7.56,7.224,H12-in,0
,44,9,out/template_4zjw/H2_msa_titration/seed_44/H2_msa_titration_seed_44_sample_9_model.cif,ok,89.9,0.498,7.517,7.018,H12-in,0
,45,10,out/template_4zjw/H2_msa_titration/seed_45/H2_msa_titration_seed_45_sample_10_model.cif,ok,90.0,0.505,7.668,7.163,H12-in,0
,45,1,out/template_4zjw/H2_msa_titration/seed_45/H2_msa_titration_seed_45_sample_1_model.cif,ok,90.3,0.577,7.672,7.095,H12-in,0
,45,2,out/template_4zjw/H2_msa_titration/seed_45/H2_msa_titration_seed_45_sample_2_model.cif,ok,91.2,1.964,5.277,3.313,H12-in,0
,45,3,out/template_4zjw/H2_msa_titration/seed_45/H2_msa_titration_seed_45_sample_3_model.cif,ok,90.4,0.551,7.602,7.051,H12-in,0
,45,4,out/template_4zjw/H2_msa_titration/seed_45/H2_msa_titration_seed_45_sample_4_model.cif,ok,90.9,0.477,7.696,7.218,H12-in,0
,45,5,out/template_4zjw/H2_msa_titration/seed_45/H2_msa_titration_seed_45_sample_5_model.cif,ok,90.1,0.572,7.593,7.02,H12-in,0
,45,6,out/template_4zjw/H2_msa_titration/seed_45/H2_msa_titration_seed_45_sample_6_model.cif,ok,89.8,0.498,7.588,7.089,H12-in,0
,45,7,out/template_4zjw/H2_msa_titration/seed_45/H2_msa_titration_seed_45_sample_7_model.cif,ok,90.2,0.535,7.475,6.94,H12-in,0
,45,8,out/template_4zjw/H2_msa_titration/seed_45/H2_msa_titration_seed_45_sample_8_model.cif,ok,91.1,0.576,7.919,7.343,H12-in,0
,45,9,out/template_4zjw/H2_msa_titration/seed_45/H2_msa_titration_seed_45_sample_9_model.cif,ok,91.5,1.935,5.371,3.437,H12-in,0
,46,10,out/template_4zjw/H2_msa_titration/seed_46/H2_msa_titration_seed_46_sample_10_model.cif,ok,91.0,0.467,7.7,7.233,H12-in,0
,46,1,out/template_4zjw/H2_msa_titration/seed_46/H2_msa_titration_seed_46_sample_1_model.cif,ok,90.2,0.573,7.611,7.038,H12-in,0
,46,2,out/template_4zjw/H2_msa_titration/seed_46/H2_msa_titration_seed_46_sample_2_model.cif,ok,90.4,0.637,7.767,7.13,H12-in,0
,46,3,out/template_4zjw/H2_msa_titration/seed_46/H2_msa_titration_seed_46_sample_3_model.cif,ok,90.8,1.652,6.146,4.494,H12-in,0
,46,4,out/template_4zjw/H2_msa_titration/seed_46/H2_msa_titration_seed_46_sample_4_model.cif,ok,91.0,0.487,7.782,7.296,H12-in,0
,46,5,out/template_4zjw/H2_msa_titration/seed_46/H2_msa_titration_seed_46_sample_5_model.cif,ok,89.6,0.633,7.278,6.645,H12-in,0
,46,6,out/template_4zjw/H2_msa_titration/seed_46/H2_msa_titration_seed_46_sample_6_model.cif,ok,90.7,0.481,7.72,7.239,H12-in,0
,46,7,out/template_4zjw/H2_msa_titration/seed_46/H2_msa_titration_seed_46_sample_7_model.cif,ok,90.8,0.512,7.844,7.332,H12-in,0
,46,8,out/template_4zjw/H2_msa_titration/seed_46/H2_msa_titration_seed_46_sample_8_model.cif,ok,90.3,0.458,7.57,7.112,H12-in,0
,46,9,out/template_4zjw/H2_msa_titration/seed_46/H2_msa_titration_seed_46_sample_9_model.cif,ok,90.5,0.419,7.829,7.41,H12-in,0
,42,10,out/template_5c4o/H2_msa_titration/seed_42/H2_msa_titration_seed_42_sample_10_model.cif,ok,91.3,1.842,5.738,3.896,H12-in,0
,42,1,out/template_5c4o/H2_msa_titration/seed_42/H2_msa_titration_seed_42_sample_1_model.cif,ok,91.0,1.938,5.697,3.759,H12-in,0
,42,2,out/template_5c4o/H2_msa_titration/seed_42/H2_msa_titration_seed_42_sample_2_model.cif,ok,91.1,2.009,5.61,3.601,H12-in,0
,42,3,out/template_5c4o/H2_msa_titration/seed_42/H2_msa_titration_seed_42_sample_3_model.cif,ok,91.2,1.802,5.813,4.011,H12-in,0
,42,4,out/template_5c4o/H2_msa_titration/seed_42/H2_msa_titration_seed_42_sample_4_model.cif,ok,91.4,1.924,5.686,3.762,H12-in,0
,42,5,out/template_5c4o/H2_msa_titration/seed_42/H2_msa_titration_seed_42_sample_5_model.cif,ok,91.0,2.027,5.711,3.685,H12-in,0
,42,6,out/template_5c4o/H2_msa_titration/seed_42/H2_msa_titration_seed_42_sample_6_model.cif,ok,91.1,1.977,5.662,3.685,H12-in,0
,42,7,out/template_5c4o/H2_msa_titration/seed_42/H2_msa_titration_seed_42_sample_7_model.cif,ok,91.1,2.043,5.755,3.712,H12-in,0
,42,8,out/template_5c4o/H2_msa_titration/seed_42/H2_msa_titration_seed_42_sample_8_model.cif,ok,91.2,1.87,5.807,3.938,H12-in,0
,42,9,out/template_5c4o/H2_msa_titration/seed_42/H2_msa_titration_seed_42_sample_9_model.cif,ok,91.4,2.121,5.455,3.334,H12-in,0
,43,10,out/template_5c4o/H2_msa_titration/seed_43/H2_msa_titration_seed_43_sample_10_model.cif,ok,91.4,1.969,5.776,3.807,H12-in,0
,43,1,out/template_5c4o/H2_msa_titration/seed_43/H2_msa_titration_seed_43_sample_1_model.cif,ok,91.4,2.018,5.539,3.521,H12-in,0
,43,2,out/template_5c4o/H2_msa_titration/seed_43/H2_msa_titration_seed_43_sample_2_model.cif,ok,91.3,1.967,5.691,3.724,H12-in,0
,43,3,out/template_5c4o/H2_msa_titration/seed_43/H2_msa_titration_seed_43_sample_3_model.cif,ok,91.1,2.007,5.641,3.634,H12-in,0
,43,4,out/template_5c4o/H2_msa_titration/seed_43/H2_msa_titration_seed_43_sample_4_model.cif,ok,91.0,1.905,5.654,3.75,H12-in,0
,43,5,out/template_5c4o/H2_msa_titration/seed_43/H2_msa_titration_seed_43_sample_5_model.cif,ok,91.2,1.925,5.874,3.949,H12-in,0
,43,6,out/template_5c4o/H2_msa_titration/seed_43/H2_msa_titration_seed_43_sample_6_model.cif,ok,91.2,1.945,5.6,3.656,H12-in,0
,43,7,out/template_5c4o/H2_msa_titration/seed_43/H2_msa_titration_seed_43_sample_7_model.cif,ok,91.1,1.901,5.717,3.817,H12-in,0
,43,8,out/template_5c4o/H2_msa_titration/seed_43/H2_msa_titration_seed_43_sample_8_model.cif,ok,91.3,2.044,5.633,3.59,H12-in,0
,43,9,out/template_5c4o/H2_msa_titration/seed_43/H2_msa_titration_seed_43_sample_9_model.cif,ok,91.1,1.885,5.709,3.825,H12-in,0
,44,10,out/template_5c4o/H2_msa_titration/seed_44/H2_msa_titration_seed_44_sample_10_model.cif,ok,91.6,1.988,5.683,3.696,H12-in,0
,44,1,out/template_5c4o/H2_msa_titration/seed_44/H2_msa_titration_seed_44_sample_1_model.cif,ok,91.1,1.881,5.827,3.946,H12-in,0
,44,2,out/template_5c4o/H2_msa_titration/seed_44/H2_msa_titration_seed_44_sample_2_model.cif,ok,91.1,1.934,5.704,3.77,H12-in,0
,44,3,out/template_5c4o/H2_msa_titration/seed_44/H2_msa_titration_seed_44_sample_3_model.cif,ok,91.3,1.924,5.654,3.73,H12-in,0
,44,4,out/template_5c4o/H2_msa_titration/seed_44/H2_msa_titration_seed_44_sample_4_model.cif,ok,91.5,1.885,5.785,3.901,H12-in,0
,44,5,out/template_5c4o/H2_msa_titration/seed_44/H2_msa_titration_seed_44_sample_5_model.cif,ok,91.3,1.86,5.876,4.016,H12-in,0
,44,6,out/template_5c4o/H2_msa_titration/seed_44/H2_msa_titration_seed_44_sample_6_model.cif,ok,91.2,2.018,5.698,3.68,H12-in,0
,44,7,out/template_5c4o/H2_msa_titration/seed_44/H2_msa_titration_seed_44_sample_7_model.cif,ok,91.1,1.859,5.766,3.906,H12-in,0
,44,8,out/template_5c4o/H2_msa_titration/seed_44/H2_msa_titration_seed_44_sample_8_model.cif,ok,91.3,2.015,5.784,3.769,H12-in,0
,44,9,out/template_5c4o/H2_msa_titration/seed_44/H2_msa_titration_seed_44_sample_9_model.cif,ok,91.1,2.012,5.651,3.64,H12-in,0
,45,10,out/template_5c4o/H2_msa_titration/seed_45/H2_msa_titration_seed_45_sample_10_model.cif,ok,91.4,1.968,5.734,3.766,H12-in,0
,45,1,out/template_5c4o/H2_msa_titration/seed_45/H2_msa_titration_seed_45_sample_1_model.cif,ok,91.0,1.876,5.763,3.887,H12-in,0
,45,2,out/template_5c4o/H2_msa_titration/seed_45/H2_msa_titration_seed_45_sample_2_model.cif,ok,91.3,1.958,5.573,3.615,H12-in,0
,45,3,out/template_5c4o/H2_msa_titration/seed_45/H2_msa_titration_seed_45_sample_3_model.cif,ok,91.1,1.944,5.693,3.749,H12-in,0
,45,4,out/template_5c4o/H2_msa_titration/seed_45/H2_msa_titration_seed_45_sample_4_model.cif,ok,91.6,1.929,5.745,3.816,H12-in,0
,45,5,out/template_5c4o/H2_msa_titration/seed_45/H2_msa_titration_seed_45_sample_5_model.cif,ok,91.4,1.96,5.665,3.705,H12-in,0
,45,6,out/template_5c4o/H2_msa_titration/seed_45/H2_msa_titration_seed_45_sample_6_model.cif,ok,91.2,1.946,5.697,3.751,H12-in,0
,45,7,out/template_5c4o/H2_msa_titration/seed_45/H2_msa_titration_seed_45_sample_7_model.cif,ok,91.1,1.94,5.754,3.813,H12-in,0
,45,8,out/template_5c4o/H2_msa_titration/seed_45/H2_msa_titration_seed_45_sample_8_model.cif,ok,91.3,1.865,5.847,3.982,H12-in,0
,45,9,out/template_5c4o/H2_msa_titration/seed_45/H2_msa_titration_seed_45_sample_9_model.cif,ok,91.4,1.879,5.772,3.893,H12-in,0
,46,10,out/template_5c4o/H2_msa_titration/seed_46/H2_msa_titration_seed_46_sample_10_model.cif,ok,91.3,1.929,5.715,3.786,H12-in,0
,46,1,out/template_5c4o/H2_msa_titration/seed_46/H2_msa_titration_seed_46_sample_1_model.cif,ok,91.5,1.855,5.729,3.875,H12-in,0
,46,2,out/template_5c4o/H2_msa_titration/seed_46/H2_msa_titration_seed_46_sample_2_model.cif,ok,91.2,1.961,5.722,3.761,H12-in,0
,46,3,out/template_5c4o/H2_msa_titration/seed_46/H2_msa_titration_seed_46_sample_3_model.cif,ok,91.2,1.857,5.951,4.094,H12-in,0
,46,4,out/template_5c4o/H2_msa_titration/seed_46/H2_msa_titration_seed_46_sample_4_model.cif,ok,91.4,1.861,5.851,3.99,H12-in,0
,46,5,out/template_5c4o/H2_msa_titration/seed_46/H2_msa_titration_seed_46_sample_5_model.cif,ok,90.9,2.102,5.541,3.439,H12-in,0
,46,6,out/template_5c4o/H2_msa_titration/seed_46/H2_msa_titration_seed_46_sample_6_model.cif,ok,91.2,1.984,5.735,3.751,H12-in,0
,46,7,out/template_5c4o/H2_msa_titration/seed_46/H2_msa_titration_seed_46_sample_7_model.cif,ok,91.3,1.935,5.746,3.811,H12-in,0
,46,8,out/template_5c4o/H2_msa_titration/seed_46/H2_msa_titration_seed_46_sample_8_model.cif,ok,91.0,1.956,5.711,3.755,H12-in,0
,46,9,out/template_5c4o/H2_msa_titration/seed_46/H2_msa_titration_seed_46_sample_9_model.cif,ok,91.3,1.918,5.873,3.955,H12-in,0
