relative_path,size_bytes,sha256
apheris_kit_rorgamma/runs/rorgamma_25hc/A0_baseline/A0_baseline_seed_42_sample_1_model.cif,172316,8106c22b3fd6c2aee40b5279405ce0b4f22023a6db9801cea904c7dec6806fb1
apheris_kit_rorgamma/runs/rorgamma_25hc/A0_baseline/A0_baseline_seed_43_sample_1_model.cif,172004,f1d8fa8de250ff2dd8741d7bb618c4b18fe3cc99565344e7cc58608bdc6879b8
apheris_kit_rorgamma/runs/rorgamma_25hc/A1_pocket_specific/A1_pocket_specific_seed_42_sample_1_model.cif,172203,9616b1f3d33fa41107f4f3987b6840236aa45e3d83d5ec6f6a9f863ea379bbaf
apheris_kit_rorgamma/runs/rorgamma_25hc/A1_pocket_specific/A1_pocket_specific_seed_43_sample_1_model.cif,171952,461737b3a3f54c637f47352a9b7b0dd9a0649dc480671a7041da9a017d813c3c
apheris_kit_rorgamma/runs/rorgamma_25hc/A2_pocket_shared/A2_pocket_shared_seed_42_sample_1_model.cif,172176,859203c5e12259c495afb1df54b08da2781d922f97e8e211d84dea5e9ebb9116
apheris_kit_rorgamma/runs/rorgamma_25hc/A2_pocket_shared/A2_pocket_shared_seed_43_sample_1_model.cif,171932,0789b27ff9215f009088764262985a40daff97689769626aec7f80c2330d1943
apheris_kit_rorgamma/runs/rorgamma_25hc/A3_template_target/A3_template_target_seed_42_sample_1_model.cif,172146,dc37d40767589024374ebb4cb821e1671205ca92e5f1a8e8ebd594dadbc9495f
apheris_kit_rorgamma/runs/rorgamma_25hc/A4_template_wrong/A4_template_wrong_seed_42_sample_1_model.cif,172210,97a88b48b5cccc05e135790746cfa58c8b4c6dc082d66017c5c9367d48660b2c
apheris_kit_rorgamma/runs/rorgamma_25hc/A5_msa_free/A5_msa_free_seed_42_sample_1_model.cif,172126,de668b62a191506984384ca0321b6f835c461ecaf2c138432cc476c03292a3ce
apheris_kit_rorgamma/runs/rorgamma_25hc/A6_pocket_plus_template/A6_pocket_plus_template_seed_42_sample_1_model.cif,172147,55ab52e50a16e49d636158e9daeb3a8ffd81f22f36f0711a160bf8b42a764b8d
apheris_kit_rorgamma/runs/rorgamma_25hc/A7_pocket_msa_free/A7_pocket_msa_free_seed_42_sample_1_model.cif,172495,1bce6a82870781736b94e1c7934c503750fe44a57399f92cfb0984ef82c47f76
apheris_kit_rorgamma/runs/rorgamma_25hc/A8_conflict/A8_conflict_seed_42_sample_1_model.cif,172154,18d2c53267830ed1d7143044052e0e457f46f9794522af3d727f23f931882ab5
apheris_kit_rorgamma/runs/rorgamma_25hc/B0_of3_baseline/B0_of3_baseline_seed_42_sample_1_model.cif,172342,47a75348e1758653b59b1e2ac3d9ce7c024a9807e0baa5e110984e0cc9e433c3
apheris_kit_rorgamma/runs/rorgamma_25hc/B1_of3_template/B1_of3_template_seed_42_sample_1_model.cif,172198,cbfa2c07e53fd1bfae4b3b044be2f8f23dddec16514db87f811acfc1ea847c86
apheris_kit_rorgamma/runs/rorgamma_25hc/B2_of3_msa_free/B2_of3_msa_free_seed_42_sample_1_model.cif,172144,20d94fdb1fcbbb5ecfda068014edc38abfa44684a106babac5492a9c1f1439de
apheris_kit_rorgamma/runs/rorgamma_25hc/B3_of3_template_msa_free/B3_of3_template_msa_free_seed_42_sample_1_model.cif,172223,6ff98090d351369d0379958a93e6270a8a539824d784d8cbfec27fbf46ac3f6c
apheris_kit_rorgamma/runs/rorgamma_invago/A0_baseline/A0_baseline_seed_42_sample_1_model.cif,172421,26101f212144ddcb7ecd4ce5348e215cf974129f8b53c9dd8c6696e7ff47e7b2
apheris_kit_rorgamma/runs/rorgamma_invago/A0_baseline/A0_baseline_seed_43_sample_1_model.cif,172113,208e941c6b8a7c7dc38b800312395a350593292e0357607568d6158302d455b8
apheris_kit_rorgamma/runs/rorgamma_invago/A0_baseline/A0_baseline_seed_44_sample_1_model.cif,171963,5e56ceb648a2a04f539a8757b6878515ae178a5f18577262b011dcda78c0c748
apheris_kit_rorgamma/runs/rorgamma_invago/A0_baseline/A0_baseline_seed_45_sample_1_model.cif,172458,31b38495b268d23716557e801d7b02673f54f8b772d26202fd1b2b03b09fb8d5
apheris_kit_rorgamma/runs/rorgamma_invago/A0_baseline/A0_baseline_seed_46_sample_1_model.cif,172088,af3def5b30541e797f080612a95c2e665f82fb0554e2229687c70f4701688446
apheris_kit_rorgamma/runs/rorgamma_invago/A10_msa_depth32/A10_msa_depth32_seed_42_sample_1_model.cif,172292,35fe5b1a9d5de9e605e4a4b26c814b536da9f54fcef3d324a55c56c838fce4cc
apheris_kit_rorgamma/runs/rorgamma_invago/A10_msa_depth32/A10_msa_depth32_seed_43_sample_1_model.cif,172120,bab01537e69b1646962ba9e708315bb179f6363b25fd09a420728b298b03ca8c
apheris_kit_rorgamma/runs/rorgamma_invago/A10_msa_depth32/A10_msa_depth32_seed_44_sample_1_model.cif,172469,b2033c2c3076473c7bfbca63dd45afd07127057038d124e84a60cc567bd389f1
apheris_kit_rorgamma/runs/rorgamma_invago/A10_msa_depth32/A10_msa_depth32_seed_45_sample_1_model.cif,172543,783776e0f935a5d99b00d0f4123c5af7b611884bec6e5494292bcdcb58a907f9
apheris_kit_rorgamma/runs/rorgamma_invago/A10_msa_depth32/A10_msa_depth32_seed_46_sample_1_model.cif,172078,f6e03074511cdeeb20c01a556d233dac8d7803b2f97104901bd576e041dff713
apheris_kit_rorgamma/runs/rorgamma_invago/A11_msa_depth32_pocket/A11_msa_depth32_pocket_seed_42_sample_1_model.cif,172363,4de96376c00e1615d4e252364145697657b66ff4a97264335890db985899ef22
apheris_kit_rorgamma/runs/rorgamma_invago/A11_msa_depth32_pocket/A11_msa_depth32_pocket_seed_43_sample_1_model.cif,172527,883a1f879389eb5f719822dc98a8a114f44861766aaa481b1875bd0bbb3cd807
apheris_kit_rorgamma/runs/rorgamma_invago/A11_msa_depth32_pocket/A11_msa_depth32_pocket_seed_44_sample_1_model.cif,172345,4828067fbb0faef9eae509016df2f35b50e5bb3410d761e265add054e7d29793
apheris_kit_rorgamma/runs/rorgamma_invago/A11_msa_depth32_pocket/A11_msa_depth32_pocket_seed_45_sample_1_model.cif,172466,dede7b08fee5f7c0ed6988bfd5c8c85558a206d6c4e85e47c5ceae4312d55e65
apheris_kit_rorgamma/runs/rorgamma_invago/A11_msa_depth32_pocket/A11_msa_depth32_pocket_seed_46_sample_1_model.cif,172501,655d6c16bd34231c78c826f37e4d06df891856600633cd10d2837a984a2b46bc
apheris_kit_rorgamma/runs/rorgamma_invago/A1_pocket_specific/A1_pocket_specific_seed_42_sample_1_model.cif,172299,3444f7e26c4c94f5a25c3c918e1eec2804560327eb4c819d11d0bbafbb33db01
apheris_kit_rorgamma/runs/rorgamma_invago/A1_pocket_specific/A1_pocket_specific_seed_43_sample_1_model.cif,172092,5a97b8c9b01565b83e554bdf0fc43beee18a32783e043446aa69ceae61a80b06
apheris_kit_rorgamma/runs/rorgamma_invago/A1_pocket_specific/A1_pocket_specific_seed_44_sample_1_model.cif,172603,644068d3100b6a17b09c86786238a26517dd3377dc11a64eb47a453bffec8f51
apheris_kit_rorgamma/runs/rorgamma_invago/A1_pocket_specific/A1_pocket_specific_seed_45_sample_1_model.cif,172017,a11204fa15e017aee61e03f95672a44c18c15e9c6fa0d52bd91127b8d896940b
apheris_kit_rorgamma/runs/rorgamma_invago/A1_pocket_specific/A1_pocket_specific_seed_46_sample_1_model.cif,172263,3ede7c918e156989a8cb088c6b5b68efdefde40a7534ca0ce4840e666b00d9ef
apheris_kit_rorgamma/runs/rorgamma_invago/A2_pocket_shared/A2_pocket_shared_seed_42_sample_1_model.cif,172296,16d6f98fd5f7e08c237d8cdbd13aea47e7335fdccde3f74760dae358ff0105df
apheris_kit_rorgamma/runs/rorgamma_invago/A3_template_target/A3_template_target_seed_42_sample_1_model.cif,172505,f738f181a51953166d18b724c352d6b936b11dde3490ab3d5b1ff10b83b58f61
apheris_kit_rorgamma/runs/rorgamma_invago/A4_template_wrong/A4_template_wrong_seed_42_sample_1_model.cif,172431,2fe597f90ae6eb2b85333dd699d6408db1aaf63bd2b8e420ed29e52c441cb7f5
apheris_kit_rorgamma/runs/rorgamma_invago/A4_template_wrong/A4_template_wrong_seed_43_sample_1_model.cif,172152,1df94ffd8de772b7c40e037a8c348e84ff1bf2db9add81eeb3fcb47e3d7fb3e1
apheris_kit_rorgamma/runs/rorgamma_invago/A4_template_wrong/A4_template_wrong_seed_44_sample_1_model.cif,172050,4053ce707f34308382025679c5622b6e58970ca714d68394cbe1291e87fe763c
apheris_kit_rorgamma/runs/rorgamma_invago/A4_template_wrong/A4_template_wrong_seed_45_sample_1_model.cif,172475,6d0281270271b591acb48a163dbe92e5b769d24b0aad801e092c791ef472f00c
apheris_kit_rorgamma/runs/rorgamma_invago/A4_template_wrong/A4_template_wrong_seed_46_sample_1_model.cif,172110,596c4e632b92d971fd24e049d0b9578a3c5755a2a88e285867b2048f038616d8
apheris_kit_rorgamma/runs/rorgamma_invago/A5_msa_free/A5_msa_free_seed_42_sample_1_model.cif,172195,c2d9b190a37ecb9f7d3e328c5c1fe4b4c158062ce5df96ee3c77eed56c4473dc
apheris_kit_rorgamma/runs/rorgamma_invago/A6_pocket_plus_template/A6_pocket_plus_template_seed_42_sample_1_model.cif,172372,a9db0ae05be388bee1198b057f57b36dd77d9fe018224319877cc587efde31c4
apheris_kit_rorgamma/runs/rorgamma_invago/A7_pocket_msa_free/A7_pocket_msa_free_seed_42_sample_1_model.cif,172650,ffe8e1316e2dcf935e559523d670f877b2efcfc2236363a5b2d13af422f154e1
apheris_kit_rorgamma/runs/rorgamma_invago/A8_conflict/A8_conflict_seed_42_sample_1_model.cif,172282,f1533c1cafcdf9b3ba8229dd667340e7ad12b1f8f6884216c7b5ef2f4f72669e
apheris_kit_rorgamma/runs/rorgamma_invago/B0_of3_baseline/B0_of3_baseline_seed_42_sample_1_model.cif,172413,41ed9f7f26fd526a84572bf1d7b56a289a90222c321148206649c9a3b1c15f09
apheris_kit_rorgamma/runs/rorgamma_invago/B1_of3_template/B1_of3_template_seed_42_sample_1_model.cif,172504,5763f11f0ef0d0fa1d87df31dff94d5e58f937a0754fa102fc22c53bcecdc725
apheris_kit_rorgamma/runs/rorgamma_invago/B2_of3_msa_free/B2_of3_msa_free_seed_42_sample_1_model.cif,172160,25bb0325d5891fc804b1431639dca0f3ff403534b82fec1b804f515e95078cc2
apheris_kit_rorgamma/runs/rorgamma_invago/B3_of3_template_msa_free/B3_of3_template_msa_free_seed_42_sample_1_model.cif,172406,f016269a763831106819f238bae9b72b927ebf124bda4e4183d5c7b37a78e556
