arm,sample,verdict,target_state_recovered,margin_A,decisive,dfg_label,dfg_agrees_with_target,D1,D2,ligand_centroid_dist_A,contact_recall,back_pocket_recall,description,region_rmsd_H12_in,region_rmsd_H12_out,tm_H12_in,tm_H12_out
A0_baseline,A0_baseline_seed_42_sample_1_model.cif,H12-in,1,7.051,1,,,,,0.37,0.95,0.833,"default inference, full MSA, no steering",0.582,7.632,0.9884,0.9658
A0_baseline,A0_baseline_seed_43_sample_1_model.cif,H12-in,1,7.299,1,,,,,0.34,0.9,0.833,"default inference, full MSA, no steering",0.615,7.914,0.9887,0.9684
A1_pocket_specific,A1_pocket_specific_seed_42_sample_1_model.cif,H12-in,1,7.178,1,,,,,0.88,0.9,0.667,pocket conditioned on state-SPECIFIC contacts (the hypothesis),0.677,7.855,0.9881,0.9675
A1_pocket_specific,A1_pocket_specific_seed_43_sample_1_model.cif,H12-in,1,7.151,1,,,,,0.7,0.9,1.0,pocket conditioned on state-SPECIFIC contacts (the hypothesis),0.659,7.81,0.9871,0.9687
A2_pocket_shared,A2_pocket_shared_seed_42_sample_1_model.cif,H12-in,1,7.17,1,,,,,0.63,0.85,0.667,NEGATIVE CONTROL: pocket conditioned on contacts shared by both states -- should not flip the state,0.667,7.837,0.9883,0.9674
A2_pocket_shared,A2_pocket_shared_seed_43_sample_1_model.cif,H12-in,1,7.145,1,,,,,0.72,0.9,1.0,NEGATIVE CONTROL: pocket conditioned on contacts shared by both states -- should not flip the state,0.656,7.801,0.9872,0.9686
A3_template_target,A3_template_target_seed_42_sample_1_model.cif,H12-in,1,3.671,1,,,,,0.64,0.9,0.667,template of the target state,1.904,5.575,0.9308,0.9666
A4_template_wrong,A4_template_wrong_seed_42_sample_1_model.cif,H12-in,1,3.858,1,,,,,0.89,0.9,0.667,"NEGATIVE CONTROL: template of the WRONG state -- if this also lands on the target state, the model is ignoring the template and you are measuring memorisation",1.729,5.587,0.9296,0.9703
A5_msa_free,A5_msa_free_seed_42_sample_1_model.cif,H12-in,1,9.575,1,,,,,9.15,0.25,0.0,MSA-free: removes the evolutionary prior that pulls the model to the dominant state,21.752,31.327,0.2317,0.2498
A6_pocket_plus_template,A6_pocket_plus_template_seed_42_sample_1_model.cif,H12-in,1,5.159,1,,,,,3.93,0.75,0.667,state-specific pocket + target template,0.979,6.138,0.9375,0.9604
A7_pocket_msa_free,A7_pocket_msa_free_seed_42_sample_1_model.cif,H12-in,1,8.445,1,,,,,9.92,0.2,0.167,"state-specific pocket, MSA-free",27.017,35.463,0.2163,0.2316
A8_conflict,A8_conflict_seed_42_sample_1_model.cif,H12-in,1,5.52,1,,,,,7.3,0.5,0.667,DIAGNOSTIC: target-state pocket vs WRONG-state template. Which lever wins tells you their relative strength,0.839,6.359,0.9332,0.9627
B0_of3_baseline,B0_of3_baseline_seed_42_sample_1_model.cif,H12-in,1,7.045,1,,,,,0.37,0.95,0.833,OpenFold3 default,0.584,7.628,0.9884,0.9658
B1_of3_template,B1_of3_template_seed_42_sample_1_model.cif,H12-in,1,3.681,1,,,,,0.64,0.9,0.667,OpenFold3 with target-state template (CIF direct mode),1.896,5.577,0.9308,0.9666
B2_of3_msa_free,B2_of3_msa_free_seed_42_sample_1_model.cif,H12-in,1,8.985,1,,,,,7.04,0.3,0.0,OpenFold3 MSA-free,24.87,33.855,0.2189,0.2358
B3_of3_template_msa_free,B3_of3_template_msa_free_seed_42_sample_1_model.cif,H12-in,1,7.244,1,,,,,0.4,1.0,1.0,"OpenFold3 target template, MSA-free",0.488,7.733,0.9939,0.9626
